run_id,id,n,family,seed,round,count,CPU_model,task_sha256,frozen_pilot_control_status,engine,label,performance_status,correctness_status,T_total_s,T_total_lower_bound_s,scenarios_completed,cpu_s,VmHWM_bytes
36312920355,F1-DENSE-N100000-M200-s101-PBR,100000,F1,101,0,10,,bcf913e2fb73b6286ad55bb134e6ef9b0e090fad0bf78362e0ee61df3a8cf52f,WEAK_CONTROL,des,0,MEASURED,PARTIAL_VALIDATION,2.2091596479999964,,10,2.2079269999999998,191295488
36312920355,F1-DENSE-N100000-M200-s101-PBR,100000,F1,101,0,10,,bcf913e2fb73b6286ad55bb134e6ef9b0e090fad0bf78362e0ee61df3a8cf52f,WEAK_CONTROL,tsfg,1,TIMEOUT,PARTIAL_VALIDATION,,300,9,300.01365699999997,
36312920355,F1-DENSE-N100000-M200-s102-PBR,100000,F1,102,0,10,,bcf913e2fb73b6286ad55bb134e6ef9b0e090fad0bf78362e0ee61df3a8cf52f,WEAK_CONTROL,des,0,MEASURED,PARTIAL_VALIDATION,2.262422092999998,,10,2.2606859999999998,190427136
36312920355,F1-DENSE-N100000-M200-s102-PBR,100000,F1,102,0,10,,bcf913e2fb73b6286ad55bb134e6ef9b0e090fad0bf78362e0ee61df3a8cf52f,WEAK_CONTROL,tsfg,1,TIMEOUT,PARTIAL_VALIDATION,,300,9,300.00219300000003,
36312920355,F1-DENSE-N100000-M200-s103-PBR,100000,F1,103,0,10,,bcf913e2fb73b6286ad55bb134e6ef9b0e090fad0bf78362e0ee61df3a8cf52f,WEAK_CONTROL,des,0,MEASURED,VALID,1.8195678700000144,,10,1.81838,191868928
36312920355,F1-DENSE-N100000-M200-s103-PBR,100000,F1,103,0,10,,bcf913e2fb73b6286ad55bb134e6ef9b0e090fad0bf78362e0ee61df3a8cf52f,WEAK_CONTROL,tsfg,1,MEASURED,VALID,243.712298391,,10,243.63951,94310400
36314314751,F1-DENSE-N100000-M200-s101-PBR,100000,F1,101,1,100,AMD EPYC 7763 64-Core Processor,bcf913e2fb73b6286ad55bb134e6ef9b0e090fad0bf78362e0ee61df3a8cf52f,WEAK_CONTROL,des,0,MEASURED,PARTIAL_VALIDATION,18.81259703799998,,100,18.808792,191877120
36314314751,F1-DENSE-N100000-M200-s101-PBR,100000,F1,101,1,100,AMD EPYC 7763 64-Core Processor,bcf913e2fb73b6286ad55bb134e6ef9b0e090fad0bf78362e0ee61df3a8cf52f,WEAK_CONTROL,tsfg,1,TIMEOUT,PARTIAL_VALIDATION,,300,8,300.005352,
36314314751,F1-DENSE-N100000-M200-s101-PBR,100000,F1,101,1,100,AMD EPYC 7763 64-Core Processor,bcf913e2fb73b6286ad55bb134e6ef9b0e090fad0bf78362e0ee61df3a8cf52f,WEAK_CONTROL,tsfg,2,TIMEOUT,PARTIAL_VALIDATION,,300,8,300.00391199999996,
36314314751,F1-DENSE-N100000-M200-s101-PBR,100000,F1,101,1,100,AMD EPYC 7763 64-Core Processor,bcf913e2fb73b6286ad55bb134e6ef9b0e090fad0bf78362e0ee61df3a8cf52f,WEAK_CONTROL,des,3,MEASURED,PARTIAL_VALIDATION,18.85656724399996,,100,18.852985999999998,191594496
36314314751,F1-DENSE-N100000-M200-s102-PBR,100000,F1,102,1,100,AMD EPYC 7763 64-Core Processor,bcf913e2fb73b6286ad55bb134e6ef9b0e090fad0bf78362e0ee61df3a8cf52f,WEAK_CONTROL,des,0,MEASURED,PARTIAL_VALIDATION,18.97132260699999,,100,18.965870000000002,191893504
36314314751,F1-DENSE-N100000-M200-s102-PBR,100000,F1,102,1,100,AMD EPYC 7763 64-Core Processor,bcf913e2fb73b6286ad55bb134e6ef9b0e090fad0bf78362e0ee61df3a8cf52f,WEAK_CONTROL,tsfg,1,TIMEOUT,PARTIAL_VALIDATION,,300,8,300.025207,
36314314751,F1-DENSE-N100000-M200-s102-PBR,100000,F1,102,1,100,AMD EPYC 7763 64-Core Processor,bcf913e2fb73b6286ad55bb134e6ef9b0e090fad0bf78362e0ee61df3a8cf52f,WEAK_CONTROL,tsfg,2,TIMEOUT,PARTIAL_VALIDATION,,300,9,300.024799,
36314314751,F1-DENSE-N100000-M200-s102-PBR,100000,F1,102,1,100,AMD EPYC 7763 64-Core Processor,bcf913e2fb73b6286ad55bb134e6ef9b0e090fad0bf78362e0ee61df3a8cf52f,WEAK_CONTROL,des,3,MEASURED,PARTIAL_VALIDATION,18.83700687800001,,100,18.832127,193486848
36314314751,F1-DENSE-N100000-M200-s103-PBR,100000,F1,103,1,100,AMD EPYC 9V45 96-Core Processor,bcf913e2fb73b6286ad55bb134e6ef9b0e090fad0bf78362e0ee61df3a8cf52f,WEAK_CONTROL,des,0,MEASURED,PARTIAL_VALIDATION,11.275342507999994,,100,11.271876,192466944
36314314751,F1-DENSE-N100000-M200-s103-PBR,100000,F1,103,1,100,AMD EPYC 9V45 96-Core Processor,bcf913e2fb73b6286ad55bb134e6ef9b0e090fad0bf78362e0ee61df3a8cf52f,WEAK_CONTROL,tsfg,1,TIMEOUT,PARTIAL_VALIDATION,,300,16,300.038202,
36314314751,F1-DENSE-N100000-M200-s103-PBR,100000,F1,103,1,100,AMD EPYC 9V45 96-Core Processor,bcf913e2fb73b6286ad55bb134e6ef9b0e090fad0bf78362e0ee61df3a8cf52f,WEAK_CONTROL,tsfg,2,TIMEOUT,PARTIAL_VALIDATION,,300,16,300.03244,
36314314751,F1-DENSE-N100000-M200-s103-PBR,100000,F1,103,1,100,AMD EPYC 9V45 96-Core Processor,bcf913e2fb73b6286ad55bb134e6ef9b0e090fad0bf78362e0ee61df3a8cf52f,WEAK_CONTROL,des,3,MEASURED,PARTIAL_VALIDATION,11.021700563999957,,100,11.019402,190431232
36315293979,F1-DENSE-N100000-M200-s101-PBR,100000,F1,101,2,100,INTEL(R) XEON(R) PLATINUM 8573C,bcf913e2fb73b6286ad55bb134e6ef9b0e090fad0bf78362e0ee61df3a8cf52f,WEAK_CONTROL,tsfg,0,TIMEOUT,PARTIAL_VALIDATION,,300,14,299.91858099999996,
36315293979,F1-DENSE-N100000-M200-s101-PBR,100000,F1,101,2,100,INTEL(R) XEON(R) PLATINUM 8573C,bcf913e2fb73b6286ad55bb134e6ef9b0e090fad0bf78362e0ee61df3a8cf52f,WEAK_CONTROL,des,1,MEASURED,PARTIAL_VALIDATION,17.311778913999945,,100,17.302235999999997,191000576
36315293979,F1-DENSE-N100000-M200-s101-PBR,100000,F1,101,2,100,INTEL(R) XEON(R) PLATINUM 8573C,bcf913e2fb73b6286ad55bb134e6ef9b0e090fad0bf78362e0ee61df3a8cf52f,WEAK_CONTROL,des,2,MEASURED,PARTIAL_VALIDATION,17.240684702000067,,100,17.23012,193019904
36315293979,F1-DENSE-N100000-M200-s101-PBR,100000,F1,101,2,100,INTEL(R) XEON(R) PLATINUM 8573C,bcf913e2fb73b6286ad55bb134e6ef9b0e090fad0bf78362e0ee61df3a8cf52f,WEAK_CONTROL,tsfg,3,TIMEOUT,PARTIAL_VALIDATION,,300,14,299.91583199999997,
36315293979,F1-DENSE-N100000-M200-s102-PBR,100000,F1,102,2,100,AMD EPYC 7763 64-Core Processor,bcf913e2fb73b6286ad55bb134e6ef9b0e090fad0bf78362e0ee61df3a8cf52f,WEAK_CONTROL,tsfg,0,TIMEOUT,PARTIAL_VALIDATION,,300,8,300.04305,
36315293979,F1-DENSE-N100000-M200-s102-PBR,100000,F1,102,2,100,AMD EPYC 7763 64-Core Processor,bcf913e2fb73b6286ad55bb134e6ef9b0e090fad0bf78362e0ee61df3a8cf52f,WEAK_CONTROL,des,1,MEASURED,PARTIAL_VALIDATION,18.59348124899998,,100,18.589899,191602688
36315293979,F1-DENSE-N100000-M200-s102-PBR,100000,F1,102,2,100,AMD EPYC 7763 64-Core Processor,bcf913e2fb73b6286ad55bb134e6ef9b0e090fad0bf78362e0ee61df3a8cf52f,WEAK_CONTROL,des,2,MEASURED,PARTIAL_VALIDATION,18.493840764000083,,100,18.487746,191700992
36315293979,F1-DENSE-N100000-M200-s102-PBR,100000,F1,102,2,100,AMD EPYC 7763 64-Core Processor,bcf913e2fb73b6286ad55bb134e6ef9b0e090fad0bf78362e0ee61df3a8cf52f,WEAK_CONTROL,tsfg,3,TIMEOUT,PARTIAL_VALIDATION,,300,8,300.045545,
36315293979,F1-DENSE-N100000-M200-s103-PBR,100000,F1,103,2,100,AMD EPYC 7763 64-Core Processor,bcf913e2fb73b6286ad55bb134e6ef9b0e090fad0bf78362e0ee61df3a8cf52f,WEAK_CONTROL,tsfg,0,TIMEOUT,PARTIAL_VALIDATION,,300,8,300.028826,
36315293979,F1-DENSE-N100000-M200-s103-PBR,100000,F1,103,2,100,AMD EPYC 7763 64-Core Processor,bcf913e2fb73b6286ad55bb134e6ef9b0e090fad0bf78362e0ee61df3a8cf52f,WEAK_CONTROL,des,1,MEASURED,PARTIAL_VALIDATION,18.854459365000025,,100,18.850782000000002,192905216
36315293979,F1-DENSE-N100000-M200-s103-PBR,100000,F1,103,2,100,AMD EPYC 7763 64-Core Processor,bcf913e2fb73b6286ad55bb134e6ef9b0e090fad0bf78362e0ee61df3a8cf52f,WEAK_CONTROL,des,2,MEASURED,PARTIAL_VALIDATION,18.93915115699997,,100,18.935281,192241664
36315293979,F1-DENSE-N100000-M200-s103-PBR,100000,F1,103,2,100,AMD EPYC 7763 64-Core Processor,bcf913e2fb73b6286ad55bb134e6ef9b0e090fad0bf78362e0ee61df3a8cf52f,WEAK_CONTROL,tsfg,3,TIMEOUT,PARTIAL_VALIDATION,,300,8,300.02772600000003,
36316184886,F1-DENSE-N100000-M200-s101-PBR,100000,F1,101,3,100,AMD EPYC 9V74 80-Core Processor,bcf913e2fb73b6286ad55bb134e6ef9b0e090fad0bf78362e0ee61df3a8cf52f,WEAK_CONTROL,des,0,MEASURED,PARTIAL_VALIDATION,15.426303321000034,,100,15.418268999999999,190955520
36316184886,F1-DENSE-N100000-M200-s101-PBR,100000,F1,101,3,100,AMD EPYC 9V74 80-Core Processor,bcf913e2fb73b6286ad55bb134e6ef9b0e090fad0bf78362e0ee61df3a8cf52f,WEAK_CONTROL,tsfg,1,TIMEOUT,PARTIAL_VALIDATION,,300,11,299.853211,
36316184886,F1-DENSE-N100000-M200-s101-PBR,100000,F1,101,3,100,AMD EPYC 9V74 80-Core Processor,bcf913e2fb73b6286ad55bb134e6ef9b0e090fad0bf78362e0ee61df3a8cf52f,WEAK_CONTROL,tsfg,2,TIMEOUT,PARTIAL_VALIDATION,,300,12,299.86933,
36316184886,F1-DENSE-N100000-M200-s101-PBR,100000,F1,101,3,100,AMD EPYC 9V74 80-Core Processor,bcf913e2fb73b6286ad55bb134e6ef9b0e090fad0bf78362e0ee61df3a8cf52f,WEAK_CONTROL,des,3,MEASURED,PARTIAL_VALIDATION,15.539726599000005,,100,15.525198000000001,191815680
36316184886,F1-DENSE-N100000-M200-s102-PBR,100000,F1,102,3,100,AMD EPYC 7763 64-Core Processor,bcf913e2fb73b6286ad55bb134e6ef9b0e090fad0bf78362e0ee61df3a8cf52f,WEAK_CONTROL,des,0,MEASURED,PARTIAL_VALIDATION,18.723397826999985,,100,18.71453,192286720
36316184886,F1-DENSE-N100000-M200-s102-PBR,100000,F1,102,3,100,AMD EPYC 7763 64-Core Processor,bcf913e2fb73b6286ad55bb134e6ef9b0e090fad0bf78362e0ee61df3a8cf52f,WEAK_CONTROL,tsfg,1,TIMEOUT,PARTIAL_VALIDATION,,300,8,299.91276799999997,
36316184886,F1-DENSE-N100000-M200-s102-PBR,100000,F1,102,3,100,AMD EPYC 7763 64-Core Processor,bcf913e2fb73b6286ad55bb134e6ef9b0e090fad0bf78362e0ee61df3a8cf52f,WEAK_CONTROL,tsfg,2,TIMEOUT,PARTIAL_VALIDATION,,300,9,299.910048,
36316184886,F1-DENSE-N100000-M200-s102-PBR,100000,F1,102,3,100,AMD EPYC 7763 64-Core Processor,bcf913e2fb73b6286ad55bb134e6ef9b0e090fad0bf78362e0ee61df3a8cf52f,WEAK_CONTROL,des,3,MEASURED,PARTIAL_VALIDATION,18.789494411999954,,100,18.781202,190554112
36316184886,F1-DENSE-N100000-M200-s103-PBR,100000,F1,103,3,100,AMD EPYC 7763 64-Core Processor,bcf913e2fb73b6286ad55bb134e6ef9b0e090fad0bf78362e0ee61df3a8cf52f,WEAK_CONTROL,des,0,MEASURED,PARTIAL_VALIDATION,18.792839290000018,,100,18.787442,192684032
36316184886,F1-DENSE-N100000-M200-s103-PBR,100000,F1,103,3,100,AMD EPYC 7763 64-Core Processor,bcf913e2fb73b6286ad55bb134e6ef9b0e090fad0bf78362e0ee61df3a8cf52f,WEAK_CONTROL,tsfg,1,TIMEOUT,PARTIAL_VALIDATION,,300,8,300.008037,
36316184886,F1-DENSE-N100000-M200-s103-PBR,100000,F1,103,3,100,AMD EPYC 7763 64-Core Processor,bcf913e2fb73b6286ad55bb134e6ef9b0e090fad0bf78362e0ee61df3a8cf52f,WEAK_CONTROL,tsfg,2,TIMEOUT,PARTIAL_VALIDATION,,300,8,300.00787399999996,
36316184886,F1-DENSE-N100000-M200-s103-PBR,100000,F1,103,3,100,AMD EPYC 7763 64-Core Processor,bcf913e2fb73b6286ad55bb134e6ef9b0e090fad0bf78362e0ee61df3a8cf52f,WEAK_CONTROL,des,3,MEASURED,PARTIAL_VALIDATION,18.76962353800002,,100,18.762393,191258624
