family,law,group,machine,baseline_mean_jobs,mean_effect_jobs,median_effect_jobs,improved_fraction,worsened_fraction,ci95_low,ci95_high,cmax_reduction_seconds,cmax_ci95_low,cmax_ci95_high,mean_effect_fraction,median_effect_fraction,ci95_fraction_low,ci95_fraction_high,unchanged_fraction
F1,independent,T,180,10000.0,0.0,0.0,0.0,0.0,0.0,0.0,11.798090909090908,7.175927272727273,17.247297727272723,0.0,0.0,0.0,0.0,1.0
F1,independent,T,181,10000.0,0.0,0.0,0.0,0.0,0.0,0.0,11.999818181818181,7.323818181818182,17.27611818181818,0.0,0.0,0.0,0.0,1.0
F1,independent,T,182,10000.0,0.0,0.0,0.0,0.0,0.0,0.0,9.652363636363637,5.9530590909090915,13.998529545454543,0.0,0.0,0.0,0.0,1.0
F1,independent,B,0,10000.0,0.0,0.0,0.0,0.0,0.0,0.0,0.0,0.0,0.0,0.0,0.0,0.0,0.0,1.0
F1,independent,B,1,10000.0,0.0,0.0,0.0,0.0,0.0,0.0,0.0,0.0,0.0,0.0,0.0,0.0,0.0,1.0
F1,independent,B,2,10000.0,0.0,0.0,0.0,0.0,0.0,0.0,0.0,0.0,0.0,0.0,0.0,0.0,0.0,1.0
F1,common-cause,T,180,10000.0,0.0,0.0,0.0,0.0,0.0,0.0,11.095545454545455,7.037915909090909,15.602818181818183,0.0,0.0,0.0,0.0,1.0
F1,common-cause,T,181,10000.0,0.0,0.0,0.0,0.0,0.0,0.0,11.856272727272728,7.666895454545455,16.63744318181818,0.0,0.0,0.0,0.0,1.0
F1,common-cause,T,182,10000.0,0.0,0.0,0.0,0.0,0.0,0.0,13.148,8.758975,17.972409090909085,0.0,0.0,0.0,0.0,1.0
F1,common-cause,B,0,10000.0,0.0,0.0,0.0,0.0,0.0,0.0,0.0018181818181818182,0.0,0.005454545454545454,0.0,0.0,0.0,0.0,1.0
F1,common-cause,B,1,10000.0,0.0,0.0,0.0,0.0,0.0,0.0,0.0018181818181818182,0.0,0.005454545454545454,0.0,0.0,0.0,0.0,1.0
F1,common-cause,B,2,10000.0,0.0,0.0,0.0,0.0,0.0,0.0,0.0,0.0,0.0,0.0,0.0,0.0,0.0,1.0
F2,independent,T,155,7646.857,2.007,0.0,0.138,0.0,1.129,3.072,,,,0.0002007,0.0,0.0001129,0.0003072,0.862
F2,independent,T,166,7646.857,1.366,0.0,0.157,0.0,0.663,2.5460499999999993,,,,0.0001366,0.0,6.63e-05,0.0002546049999999999,0.843
F2,independent,T,48,7646.857,1.071,0.0,0.151,0.0,0.682,1.542,,,,0.0001071,0.0,6.82e-05,0.0001542,0.849
F2,independent,B,193,7646.857,1.426,0.0,0.117,0.0,0.7499750000000001,2.3310249999999995,,,,0.0001426,0.0,7.499750000000001e-05,0.00023310249999999996,0.883
F2,independent,B,139,7646.857,1.651,0.0,0.124,0.0,0.941975,2.4940249999999997,,,,0.0001651,0.0,9.41975e-05,0.0002494025,0.876
F2,independent,B,59,7646.857,1.543,0.0,0.131,0.0,0.826,2.585,,,,0.00015429999999999998,0.0,8.26e-05,0.0002585,0.869
F2,common-cause,T,155,7577.81,1.869,0.0,0.101,0.0,1.0899750000000001,2.8070499999999994,,,,0.0001869,0.0,0.00010899750000000001,0.00028070499999999996,0.899
F2,common-cause,T,166,7577.81,1.153,0.0,0.161,0.0,0.722,1.659,,,,0.0001153,0.0,7.219999999999999e-05,0.0001659,0.839
F2,common-cause,T,48,7577.81,2.816,0.0,0.172,0.0,1.715975,4.072049999999999,,,,0.00028159999999999996,0.0,0.0001715975,0.0004072049999999999,0.828
F2,common-cause,B,193,7577.81,1.727,0.0,0.124,0.0,0.973,2.6490249999999995,,,,0.0001727,0.0,9.73e-05,0.0002649025,0.876
F2,common-cause,B,139,7577.81,1.428,0.0,0.108,0.0,0.83195,2.1450249999999995,,,,0.0001428,0.0,8.319499999999999e-05,0.00021450249999999994,0.892
F2,common-cause,B,59,7577.81,1.33,0.0,0.103,0.0,0.661,2.1270249999999993,,,,0.000133,0.0,6.610000000000001e-05,0.00021270249999999992,0.897
