task_sha256,family,density,operation_count,repeat,source_sha,performance_status,correctness_status,quality_status,T_total_s,T_read_s,T_schedule_s,T_output_s,VmHWM_bytes,Cmax_ticks,LB_ticks,gap_bound
c7e4843aba2c06e39746452b46fa41daa8070228a3543f40c31e8db94c3a3de0,F1,SPARSE,10000,0,9c1e0cda2172c2a2b20a712e91e6c7b48c32fef4,MEASURED,VALID,OPTIMAL_CERTIFIED,0.4969144729999897,0.028024739000002796,0.3932999889999991,0.03597843999999384,26669056,8527700,8527700,0.0
f6d7e08f16283dba92c4cd40bebf56d5229a648211f06ae2e97fbb48fa0f620f,F1,SPARSE,10000,0,9c1e0cda2172c2a2b20a712e91e6c7b48c32fef4,MEASURED,VALID,OPTIMAL_CERTIFIED,0.548646944000005,0.053563517000000616,0.42073743099999916,0.03557829900000087,26574848,8522400,8522400,0.0
0d14934f09dfcf619d2de13b3e24d8ff36520cc005f01f302dbc5e162e71a134,F1,SPARSE,100000,1,538385c3c9dc32bfd0a8fd1b88a6b4f47dd78037,MEASURED,VALID,OPTIMAL_CERTIFIED,5.155637147,0.2666148200000009,4.485328381000002,0.3647586920000023,109514752,8534700,8534700,0.0
485bdf74c0945099540ed3e8f4da491880f5e860cdc424dbc3bfd44241df47bb,F1,SPARSE,100000,1,538385c3c9dc32bfd0a8fd1b88a6b4f47dd78037,MEASURED,VALID,OPTIMAL_CERTIFIED,5.144088607999997,0.2642447520000033,4.475775165999998,0.365417346000001,109039616,8533800,8533800,0.0
5cacbeb979a0f995970faf2c341d5180ac77cf0fa9b32573619293cca93df9a3,F2,SPARSE,100000,1,538385c3c9dc32bfd0a8fd1b88a6b4f47dd78037,MEASURED,VALID,GAP_BOUNDED,2.0946189299999958,0.6048411370000082,1.1518202409999958,0.30616802800000187,174735360,5299100,5296300,0.0005286709589713574
74de7102847a6508cf0e477367304510cb01a18ba6c8c5b4321a14b4ea4d49e5,F2,SPARSE,100000,1,538385c3c9dc32bfd0a8fd1b88a6b4f47dd78037,MEASURED,VALID,GAP_BOUNDED,1.7151897340000062,0.4952173759999994,0.9356988969999804,0.25730730400002244,174739456,5309700,5307500,0.0004145077720207254
8bd6839ac04d70cdadd9084938d7705e934e7197620bbadb2dd6503f550835ea,F2,DENSE,100000,1,538385c3c9dc32bfd0a8fd1b88a6b4f47dd78037,MEASURED,VALID,GAP_BOUNDED,2.6549919440000167,0.7552357099999938,1.469981727000004,0.3908247900000106,174280704,1753600,1629435,0.07620125994593217
8f72ae7681b12517950aecef8c15f21b0c323138652b75bbf23cabded5107c9a,F2,SPARSE,100000,1,538385c3c9dc32bfd0a8fd1b88a6b4f47dd78037,MEASURED,VALID,GAP_BOUNDED,2.7598015629999963,0.8127499519999972,1.4790191590000035,0.42424740699999575,174309376,5317000,5315600,0.00026337572428324177
9d2cac7040876e996df0e839152905fbb668bb52211e6c5ae5df3a870ccdb7bb,F2,DENSE,100000,1,538385c3c9dc32bfd0a8fd1b88a6b4f47dd78037,MEASURED,VALID,GAP_BOUNDED,2.1026855759998853,0.6167030660001274,1.1367942849999508,0.3177760839998882,174092288,1760800,1628180,0.08145291061184881
d6b1fd131b2822481fbc514ee3307c7e0933ba62bfd48562d39826c386deb2e2,F1,SPARSE,100000,1,538385c3c9dc32bfd0a8fd1b88a6b4f47dd78037,MEASURED,VALID,OPTIMAL_CERTIFIED,4.273013027000047,0.3102965570000151,3.6069634899999983,0.3199811499999896,109187072,8534200,8534200,0.0
df84cf5b1e2fa7cbfbd3cb340a9eae6b071a4405babf5d93f04cbd63fa6cf6ea,F1,DENSE,100000,1,538385c3c9dc32bfd0a8fd1b88a6b4f47dd78037,MEASURED,VALID,GAP_BOUNDED,5.687983545999998,0.20868261800000454,5.1621867689999945,0.28575526000000195,97476608,2832400,2800000,0.011571428571428571
e57442d272270f71af33838a6e6a937e9e1b8a345521e831dc9db877a9e3c2d6,F2,DENSE,100000,1,538385c3c9dc32bfd0a8fd1b88a6b4f47dd78037,MEASURED,VALID,GAP_BOUNDED,2.1803741429999945,0.6278960259999948,1.1901679290000047,0.3299103839999944,174026752,1757900,1624695,0.08198769615220088
025d238e901cb9da20a2c1cd779844181618b89629918f175a38e31513744a8a,F2,SPARSE,10000,0,9c1e0cda2172c2a2b20a712e91e6c7b48c32fef4,MEASURED,VALID,OPTIMAL_CERTIFIED,0.15896784899999972,0.03794884900000284,0.07404333199999513,0.02090207200000549,33275904,5291200,5291200,0.0
0d14934f09dfcf619d2de13b3e24d8ff36520cc005f01f302dbc5e162e71a134,F1,SPARSE,100000,2,526c31ba00e20d10a8a02a02e5e7746b142b9e28,MEASURED,VALID,OPTIMAL_CERTIFIED,4.482115465,0.2608586870000025,3.8382052720000033,0.3474539649999997,109572096,8534700,8534700,0.0
485bdf74c0945099540ed3e8f4da491880f5e860cdc424dbc3bfd44241df47bb,F1,SPARSE,100000,2,526c31ba00e20d10a8a02a02e5e7746b142b9e28,MEASURED,VALID,OPTIMAL_CERTIFIED,4.119049839999995,0.21803998000000036,3.548565979000003,0.30820263199999687,109289472,8533800,8533800,0.0
5cacbeb979a0f995970faf2c341d5180ac77cf0fa9b32573619293cca93df9a3,F2,SPARSE,100000,2,526c31ba00e20d10a8a02a02e5e7746b142b9e28,MEASURED,VALID,GAP_BOUNDED,2.0929078730000015,0.6276344690000144,1.1273825749999844,0.3047921070000257,174432256,5299100,5296300,0.0005286709589713574
74de7102847a6508cf0e477367304510cb01a18ba6c8c5b4321a14b4ea4d49e5,F2,SPARSE,100000,2,526c31ba00e20d10a8a02a02e5e7746b142b9e28,MEASURED,VALID,GAP_BOUNDED,2.7068348300000054,0.8022266460000083,1.4814787739999957,0.3810018500000041,174460928,5309700,5307500,0.0004145077720207254
8bd6839ac04d70cdadd9084938d7705e934e7197620bbadb2dd6503f550835ea,F2,DENSE,100000,2,526c31ba00e20d10a8a02a02e5e7746b142b9e28,MEASURED,VALID,GAP_BOUNDED,2.727686865999999,0.7694486319999996,1.516056545000005,0.4023817100000002,174182400,1753600,1629435,0.07620125994593217
8f72ae7681b12517950aecef8c15f21b0c323138652b75bbf23cabded5107c9a,F2,SPARSE,100000,2,526c31ba00e20d10a8a02a02e5e7746b142b9e28,MEASURED,VALID,GAP_BOUNDED,2.7723685409999987,0.7811743010000001,1.5660914500000018,0.38378751199999783,174637056,5317000,5315600,0.00026337572428324177
9d2cac7040876e996df0e839152905fbb668bb52211e6c5ae5df3a870ccdb7bb,F2,DENSE,100000,2,526c31ba00e20d10a8a02a02e5e7746b142b9e28,MEASURED,VALID,GAP_BOUNDED,2.549166936000006,0.7621470869999598,1.366404674000023,0.38253638499998033,174145536,1760800,1628180,0.08145291061184881
d6b1fd131b2822481fbc514ee3307c7e0933ba62bfd48562d39826c386deb2e2,F1,SPARSE,100000,2,526c31ba00e20d10a8a02a02e5e7746b142b9e28,MEASURED,VALID,OPTIMAL_CERTIFIED,5.163156459,0.26977691200000464,4.483943706999995,0.37131574800000067,109342720,8534200,8534200,0.0
df84cf5b1e2fa7cbfbd3cb340a9eae6b071a4405babf5d93f04cbd63fa6cf6ea,F1,DENSE,100000,2,526c31ba00e20d10a8a02a02e5e7746b142b9e28,MEASURED,VALID,GAP_BOUNDED,4.329425243999992,0.16657012999999665,3.9337859689999846,0.20284009900001365,97533952,2832400,2800000,0.011571428571428571
e57442d272270f71af33838a6e6a937e9e1b8a345521e831dc9db877a9e3c2d6,F2,DENSE,100000,2,526c31ba00e20d10a8a02a02e5e7746b142b9e28,MEASURED,VALID,GAP_BOUNDED,2.061758637000004,0.6058357679999986,1.1101618730000027,0.31410564800000174,173850624,1757900,1624695,0.08198769615220088
9090ad677bf3d1c1ecc0202bc4689336f79adae3e59f29cf9423349b16336eb0,F2,SPARSE,10000,0,9c1e0cda2172c2a2b20a712e91e6c7b48c32fef4,MEASURED,VALID,OPTIMAL_CERTIFIED,0.26839740200000506,0.06536106099999728,0.12663797400000476,0.037569574999999134,33505280,5301900,5301900,0.0
0d14934f09dfcf619d2de13b3e24d8ff36520cc005f01f302dbc5e162e71a134,F1,SPARSE,100000,3,b715eb93e0ee950b2f9aae4352416c2033f231d5,MEASURED,VALID,OPTIMAL_CERTIFIED,5.113466799999998,0.27142143100000027,4.442108243,0.3620018649999963,109608960,8534700,8534700,0.0
485bdf74c0945099540ed3e8f4da491880f5e860cdc424dbc3bfd44241df47bb,F1,SPARSE,100000,3,b715eb93e0ee950b2f9aae4352416c2033f231d5,MEASURED,VALID,OPTIMAL_CERTIFIED,5.4568677720000025,0.29067337499999724,4.742138229000005,0.3743052700000007,109539328,8533800,8533800,0.0
5cacbeb979a0f995970faf2c341d5180ac77cf0fa9b32573619293cca93df9a3,F2,SPARSE,100000,3,b715eb93e0ee950b2f9aae4352416c2033f231d5,MEASURED,VALID,GAP_BOUNDED,2.7152384729999994,0.770920947999997,1.5056221880000038,0.3992972039999998,174419968,5299100,5296300,0.0005286709589713574
74de7102847a6508cf0e477367304510cb01a18ba6c8c5b4321a14b4ea4d49e5,F2,SPARSE,100000,3,b715eb93e0ee950b2f9aae4352416c2033f231d5,MEASURED,VALID,GAP_BOUNDED,2.6516779629999974,0.7930901960000014,1.4397179680000036,0.3806239939999969,174469120,5309700,5307500,0.0004145077720207254
8bd6839ac04d70cdadd9084938d7705e934e7197620bbadb2dd6503f550835ea,F2,DENSE,100000,3,b715eb93e0ee950b2f9aae4352416c2033f231d5,MEASURED,VALID,GAP_BOUNDED,2.8024336759999926,0.7799743299999875,1.5841672459999927,0.3984746120000011,173899776,1753600,1629435,0.07620125994593217
8f72ae7681b12517950aecef8c15f21b0c323138652b75bbf23cabded5107c9a,F2,SPARSE,100000,3,b715eb93e0ee950b2f9aae4352416c2033f231d5,MEASURED,VALID,GAP_BOUNDED,1.6280220100000022,0.4960802780000009,0.8581596709999957,0.24923607400000236,174563328,5317000,5315600,0.00026337572428324177
9d2cac7040876e996df0e839152905fbb668bb52211e6c5ae5df3a870ccdb7bb,F2,DENSE,100000,3,b715eb93e0ee950b2f9aae4352416c2033f231d5,MEASURED,VALID,GAP_BOUNDED,1.9233619919999967,0.5587971679999981,1.0310118120000027,0.30425146899999334,174100480,1760800,1628180,0.08145291061184881
d6b1fd131b2822481fbc514ee3307c7e0933ba62bfd48562d39826c386deb2e2,F1,SPARSE,100000,3,b715eb93e0ee950b2f9aae4352416c2033f231d5,MEASURED,VALID,OPTIMAL_CERTIFIED,5.286841973000001,0.3318899959999939,4.527691556000001,0.3777416120000012,109309952,8534200,8534200,0.0
df84cf5b1e2fa7cbfbd3cb340a9eae6b071a4405babf5d93f04cbd63fa6cf6ea,F1,DENSE,100000,3,b715eb93e0ee950b2f9aae4352416c2033f231d5,MEASURED,VALID,GAP_BOUNDED,4.567644260999998,0.1744277729999908,4.149185117000002,0.21662123600000882,97505280,2832400,2800000,0.011571428571428571
e57442d272270f71af33838a6e6a937e9e1b8a345521e831dc9db877a9e3c2d6,F2,DENSE,100000,3,b715eb93e0ee950b2f9aae4352416c2033f231d5,MEASURED,VALID,GAP_BOUNDED,1.8724487360000026,0.5399989240000025,1.0175880620000015,0.2843213330000012,174100480,1757900,1624695,0.08198769615220088
9134417039686c4ff782d5ffc685ed891b8f8e0e6392895b6ec481eb39edc4a6,F2,DENSE,10000,0,9c1e0cda2172c2a2b20a712e91e6c7b48c32fef4,MEASURED,VALID,GAP_BOUNDED,0.24626225099999743,0.06402596399999538,0.10665640999999937,0.03710864199999975,33148928,203800,164980,0.23530124863619833
7da427c20a18493fc96885727e4bce62ed39d495539124667756d9c3b1b5c194,F2,DENSE,1000000,1,13e62e7982ccab2185fc9e76bb5b03cd319f505f,MEASURED,VALID,GAP_BOUNDED,32.508834637,7.3893828250000055,21.114967721999996,3.9498126980000023,1483239424,17142800,16209935,0.05754896611244894
f4d3493769bc5a04430961781d02ad8ce6adacbdeacaf1d53f7e2d4099c44818,F1,DENSE,1000000,1,13e62e7982ccab2185fc9e76bb5b03cd319f505f,MEASURED,VALID,GAP_BOUNDED,75.51430668900002,2.9058574819999876,69.56059748000001,2.999694419000008,808710144,28032400,28000000,0.0011571428571428572
a3752a828f54043777485c5d86ef7f322866d94fa3b31ca982cfd0b395859a29,F2,SPARSE,1000000,1,f351244681f5d380c0c77e9b5d2308cb2b28079c,MEASURED,VALID,GAP_BOUNDED,18.582143451000007,5.017908632000001,11.150714039999997,2.3894886010000107,1477177344,51467600,51466700,1.7487035306324284e-05
c10db8e1c64dcc890d5ec9fea640e810d28348cb5b939211b78de98d7df509bd,F1,SPARSE,1000000,1,f351244681f5d380c0c77e9b5d2308cb2b28079c,MEASURED,VALID,OPTIMAL_CERTIFIED,42.43967035899999,2.5962551429999507,36.71474519900005,3.0967427469999507,925618176,84135100,84135100,0.0
18a027ab40479813bda10ecbc8f8bdec1ee8346a04176af070123f263150292e,F1,SPARSE,1000000,1,a5c09df87447ea61fb320b9dfd8aa259bc7bcd86,MEASURED,VALID,OPTIMAL_CERTIFIED,54.267170762999996,3.0888316630000077,47.33756091099998,3.80174773600001,925319168,84135000,84135000,0.0
1d73dc046ca7aeb14a6e5263f2d428868d119284fb6b2c7d6310471ada462034,F2,SPARSE,1000000,1,a5c09df87447ea61fb320b9dfd8aa259bc7bcd86,MEASURED,VALID,GAP_BOUNDED,30.109953186,7.529234299999999,18.530012205999995,4.0099280969999995,1476919296,51484400,51481900,4.856075630464299e-05
5ba059f30022ed8ce61eb66df850377f4881d87d1f039ab53e199b537a948ab0,F2,DENSE,1000000,1,a5c09df87447ea61fb320b9dfd8aa259bc7bcd86,MEASURED,VALID,GAP_BOUNDED,24.1011873,5.645392823999998,15.834267360999995,2.594184221000006,1482756096,17141200,16211955,0.05731850353643345
7c8c29c85bd7bde4c6a68d06d8edf7ebad292ee918097a23cab4e0d56fb6fe12,F1,SPARSE,1000000,1,a5c09df87447ea61fb320b9dfd8aa259bc7bcd86,MEASURED,VALID,OPTIMAL_CERTIFIED,54.760529864000006,3.105906552999997,47.808192010000006,3.807809968000001,923787264,84135200,84135200,0.0
86a4f896b4c4ed345dd3a64947924539338badc694168787e528468c333b4c68,F2,DENSE,1000000,1,a5c09df87447ea61fb320b9dfd8aa259bc7bcd86,MEASURED,VALID,GAP_BOUNDED,31.170540437,7.327323465999996,19.810237249000004,3.9945476059999976,1483505664,17149500,16215925,0.057571492221381144
f85e1d78e1ecc50fec68cc046b22fa6d8540348b3c038a1a58dc86705c79ccda,F2,SPARSE,1000000,1,a5c09df87447ea61fb320b9dfd8aa259bc7bcd86,MEASURED,VALID,GAP_BOUNDED,30.54063713899999,7.432424623999999,19.27520081,3.7947706149999902,1477423104,51465100,51462000,6.02386226730403e-05
f2832fffa0db94ca393fcf5a63a1cbb81bc5ff35ed6292545309c17e04e9abb9,F2,SPARSE,10000,0,9c1e0cda2172c2a2b20a712e91e6c7b48c32fef4,MEASURED,VALID,GAP_BOUNDED,0.2755086839999876,0.06439430000000357,0.13337078199998587,0.03831188600003088,33476608,5305600,5304700,0.00016966086677851715
18a027ab40479813bda10ecbc8f8bdec1ee8346a04176af070123f263150292e,F1,SPARSE,1000000,2,4e17752cae051a3509845f358bebd8e007592d1d,MEASURED,VALID,OPTIMAL_CERTIFIED,54.343755739,3.140919998000001,47.410770238,3.7525932510000075,925175808,84135000,84135000,0.0
5ba059f30022ed8ce61eb66df850377f4881d87d1f039ab53e199b537a948ab0,F2,DENSE,1000000,2,4e17752cae051a3509845f358bebd8e007592d1d,MEASURED,VALID,GAP_BOUNDED,27.041069904999986,6.315016904000004,17.34690517099999,3.347338637000007,1482809344,17141200,16211955,0.05731850353643345
7c8c29c85bd7bde4c6a68d06d8edf7ebad292ee918097a23cab4e0d56fb6fe12,F1,SPARSE,1000000,2,4e17752cae051a3509845f358bebd8e007592d1d,MEASURED,VALID,OPTIMAL_CERTIFIED,55.063711080999994,3.113369804999998,48.169575627,3.7422696139999942,923996160,84135200,84135200,0.0
7da427c20a18493fc96885727e4bce62ed39d495539124667756d9c3b1b5c194,F2,DENSE,1000000,2,4e17752cae051a3509845f358bebd8e007592d1d,MEASURED,VALID,GAP_BOUNDED,30.551634399999983,7.2887747169999955,19.219965937000012,4.00443663599998,1483374592,17142800,16209935,0.05754896611244894
c10db8e1c64dcc890d5ec9fea640e810d28348cb5b939211b78de98d7df509bd,F1,SPARSE,1000000,2,4e17752cae051a3509845f358bebd8e007592d1d,MEASURED,VALID,OPTIMAL_CERTIFIED,55.23172338500001,3.157501486000001,48.20394800599996,3.830171513000039,925425664,84135100,84135100,0.0
f4d3493769bc5a04430961781d02ad8ce6adacbdeacaf1d53f7e2d4099c44818,F1,DENSE,1000000,2,4e17752cae051a3509845f358bebd8e007592d1d,MEASURED,VALID,GAP_BOUNDED,74.7277512,2.794096121999999,68.87309742400001,3.0240920629999835,809091072,28032400,28000000,0.0011571428571428572
1d73dc046ca7aeb14a6e5263f2d428868d119284fb6b2c7d6310471ada462034,F2,SPARSE,1000000,2,4834d3c302a357c2971dd005ea1ebc5269b8f130,MEASURED,VALID,GAP_BOUNDED,23.220273430000006,5.765462818000003,14.452604539000006,2.9718007849999992,1477431296,51484400,51481900,4.856075630464299e-05
86a4f896b4c4ed345dd3a64947924539338badc694168787e528468c333b4c68,F2,DENSE,1000000,2,4834d3c302a357c2971dd005ea1ebc5269b8f130,MEASURED,VALID,GAP_BOUNDED,26.985011707999995,6.358033375000005,17.386082867,3.2079562729999935,1483915264,17149500,16215925,0.057571492221381144
a3752a828f54043777485c5d86ef7f322866d94fa3b31ca982cfd0b395859a29,F2,SPARSE,1000000,2,4834d3c302a357c2971dd005ea1ebc5269b8f130,MEASURED,VALID,GAP_BOUNDED,23.691550664999994,6.080096099000002,14.61450005399999,2.9550128650000147,1476575232,51467600,51466700,1.7487035306324284e-05
f85e1d78e1ecc50fec68cc046b22fa6d8540348b3c038a1a58dc86705c79ccda,F2,SPARSE,1000000,2,4834d3c302a357c2971dd005ea1ebc5269b8f130,MEASURED,VALID,GAP_BOUNDED,30.663653127999964,7.5257576639999115,19.14414806500008,3.9544986779999363,1477148672,51465100,51462000,6.02386226730403e-05
c3e200c246e5e927aa3793edfab5b927cacfb234046888e54fef39e340d07861,F2,DENSE,10000,0,9c1e0cda2172c2a2b20a712e91e6c7b48c32fef4,MEASURED,VALID,GAP_BOUNDED,0.24660532000001467,0.06318917099997634,0.1078521729999693,0.03702804900001411,32915456,202500,162240,0.2481508875739645
18a027ab40479813bda10ecbc8f8bdec1ee8346a04176af070123f263150292e,F1,SPARSE,1000000,3,713b2bf4d8aefe45962f078dcf2129c2c3a32cd7,MEASURED,VALID,OPTIMAL_CERTIFIED,55.687815782,3.163884631000002,48.69150011400001,3.7918254899999795,925372416,84135000,84135000,0.0
5ba059f30022ed8ce61eb66df850377f4881d87d1f039ab53e199b537a948ab0,F2,DENSE,1000000,3,713b2bf4d8aefe45962f078dcf2129c2c3a32cd7,MEASURED,VALID,GAP_BOUNDED,32.894469953999995,7.534599002,21.26100680900001,4.045577139999992,1482620928,17141200,16211955,0.05731850353643345
7c8c29c85bd7bde4c6a68d06d8edf7ebad292ee918097a23cab4e0d56fb6fe12,F1,SPARSE,1000000,3,713b2bf4d8aefe45962f078dcf2129c2c3a32cd7,MEASURED,VALID,OPTIMAL_CERTIFIED,30.474456714999995,2.1080378779999975,26.012784708000005,2.328257029999989,923754496,84135200,84135200,0.0
7da427c20a18493fc96885727e4bce62ed39d495539124667756d9c3b1b5c194,F2,DENSE,1000000,3,713b2bf4d8aefe45962f078dcf2129c2c3a32cd7,MEASURED,VALID,GAP_BOUNDED,31.100247777999996,7.462674037999996,19.655404770000004,3.943045013999992,1483649024,17142800,16209935,0.05754896611244894
c10db8e1c64dcc890d5ec9fea640e810d28348cb5b939211b78de98d7df509bd,F1,SPARSE,1000000,3,713b2bf4d8aefe45962f078dcf2129c2c3a32cd7,MEASURED,VALID,OPTIMAL_CERTIFIED,38.657741407,2.461165661999999,33.042309317999994,3.1236602670000053,925474816,84135100,84135100,0.0
f4d3493769bc5a04430961781d02ad8ce6adacbdeacaf1d53f7e2d4099c44818,F1,DENSE,1000000,3,713b2bf4d8aefe45962f078dcf2129c2c3a32cd7,MEASURED,VALID,GAP_BOUNDED,71.41589049800001,2.5836308599999995,65.88294442199998,2.917689519000021,809455616,28032400,28000000,0.0011571428571428572
1d73dc046ca7aeb14a6e5263f2d428868d119284fb6b2c7d6310471ada462034,F2,SPARSE,1000000,3,391e8ed489f367d940a9787a69aa3c7ed67954f3,MEASURED,VALID,GAP_BOUNDED,27.034138941000002,6.805804525000006,16.73160532,3.441874130000002,1477513216,51484400,51481900,4.856075630464299e-05
86a4f896b4c4ed345dd3a64947924539338badc694168787e528468c333b4c68,F2,DENSE,1000000,3,391e8ed489f367d940a9787a69aa3c7ed67954f3,MEASURED,VALID,GAP_BOUNDED,30.392007182,7.666894230000004,18.870726187000002,3.8035024539999966,1483259904,17149500,16215925,0.057571492221381144
a3752a828f54043777485c5d86ef7f322866d94fa3b31ca982cfd0b395859a29,F2,SPARSE,1000000,3,391e8ed489f367d940a9787a69aa3c7ed67954f3,MEASURED,VALID,GAP_BOUNDED,30.126931085000002,7.305477015000001,18.993485979999996,3.7893685780000084,1477275648,51467600,51466700,1.7487035306324284e-05
f85e1d78e1ecc50fec68cc046b22fa6d8540348b3c038a1a58dc86705c79ccda,F2,SPARSE,1000000,3,391e8ed489f367d940a9787a69aa3c7ed67954f3,MEASURED,VALID,GAP_BOUNDED,27.057643476000003,7.113053501000003,16.250561136,3.659629056,1477398528,51465100,51462000,6.02386226730403e-05
26bb157a4150c82bef4a649f48972045b7c94caaec078efb018aa6fd8ba5e240,F1,SPARSE,10000,0,9c1e0cda2172c2a2b20a712e91e6c7b48c32fef4,MEASURED,VALID,OPTIMAL_CERTIFIED,0.36508069499998896,0.020321077000005516,0.28415508800000566,0.02909793499998159,26648576,8526700,8526700,0.0
cb5af29db3ca61452d64a36cf5bc1373624f7bb427d5fb1d1316b5e970c5792b,F1,DENSE,10000,0,9c1e0cda2172c2a2b20a712e91e6c7b48c32fef4,MEASURED,VALID,GAP_BOUNDED,0.4711849389999969,0.017717804000000115,0.39956641199999865,0.024319059999996284,25862144,312400,280000,0.11571428571428571
bbae2b55065024dca47687a76cd40342b0aee523b1556bca76ebd6043fd3995c,F2,DENSE,10000,0,9c1e0cda2172c2a2b20a712e91e6c7b48c32fef4,MEASURED,VALID,GAP_BOUNDED,0.242906001999998,0.06432731499999989,0.10224691000000519,0.037505011999996896,32976896,209600,165135,0.2692645411330124
