task_sha256,quality_status,Cmax_ticks,LB_ticks,gap_bound
c7e4843aba2c06e39746452b46fa41daa8070228a3543f40c31e8db94c3a3de0,OPTIMAL_CERTIFIED,8527700,8527700,0.0
f6d7e08f16283dba92c4cd40bebf56d5229a648211f06ae2e97fbb48fa0f620f,OPTIMAL_CERTIFIED,8522400,8522400,0.0
0d14934f09dfcf619d2de13b3e24d8ff36520cc005f01f302dbc5e162e71a134,OPTIMAL_CERTIFIED,8534700,8534700,0.0
485bdf74c0945099540ed3e8f4da491880f5e860cdc424dbc3bfd44241df47bb,OPTIMAL_CERTIFIED,8533800,8533800,0.0
5cacbeb979a0f995970faf2c341d5180ac77cf0fa9b32573619293cca93df9a3,GAP_BOUNDED,5299100,5296300,0.0005286709589713574
74de7102847a6508cf0e477367304510cb01a18ba6c8c5b4321a14b4ea4d49e5,GAP_BOUNDED,5309700,5307500,0.0004145077720207254
8bd6839ac04d70cdadd9084938d7705e934e7197620bbadb2dd6503f550835ea,GAP_BOUNDED,1753600,1629435,0.07620125994593217
8f72ae7681b12517950aecef8c15f21b0c323138652b75bbf23cabded5107c9a,GAP_BOUNDED,5317000,5315600,0.00026337572428324177
9d2cac7040876e996df0e839152905fbb668bb52211e6c5ae5df3a870ccdb7bb,GAP_BOUNDED,1760800,1628180,0.08145291061184881
d6b1fd131b2822481fbc514ee3307c7e0933ba62bfd48562d39826c386deb2e2,OPTIMAL_CERTIFIED,8534200,8534200,0.0
df84cf5b1e2fa7cbfbd3cb340a9eae6b071a4405babf5d93f04cbd63fa6cf6ea,GAP_BOUNDED,2832400,2800000,0.011571428571428571
e57442d272270f71af33838a6e6a937e9e1b8a345521e831dc9db877a9e3c2d6,GAP_BOUNDED,1757900,1624695,0.08198769615220088
025d238e901cb9da20a2c1cd779844181618b89629918f175a38e31513744a8a,OPTIMAL_CERTIFIED,5291200,5291200,0.0
0d14934f09dfcf619d2de13b3e24d8ff36520cc005f01f302dbc5e162e71a134,OPTIMAL_CERTIFIED,8534700,8534700,0.0
485bdf74c0945099540ed3e8f4da491880f5e860cdc424dbc3bfd44241df47bb,OPTIMAL_CERTIFIED,8533800,8533800,0.0
5cacbeb979a0f995970faf2c341d5180ac77cf0fa9b32573619293cca93df9a3,GAP_BOUNDED,5299100,5296300,0.0005286709589713574
74de7102847a6508cf0e477367304510cb01a18ba6c8c5b4321a14b4ea4d49e5,GAP_BOUNDED,5309700,5307500,0.0004145077720207254
8bd6839ac04d70cdadd9084938d7705e934e7197620bbadb2dd6503f550835ea,GAP_BOUNDED,1753600,1629435,0.07620125994593217
8f72ae7681b12517950aecef8c15f21b0c323138652b75bbf23cabded5107c9a,GAP_BOUNDED,5317000,5315600,0.00026337572428324177
9d2cac7040876e996df0e839152905fbb668bb52211e6c5ae5df3a870ccdb7bb,GAP_BOUNDED,1760800,1628180,0.08145291061184881
d6b1fd131b2822481fbc514ee3307c7e0933ba62bfd48562d39826c386deb2e2,OPTIMAL_CERTIFIED,8534200,8534200,0.0
df84cf5b1e2fa7cbfbd3cb340a9eae6b071a4405babf5d93f04cbd63fa6cf6ea,GAP_BOUNDED,2832400,2800000,0.011571428571428571
e57442d272270f71af33838a6e6a937e9e1b8a345521e831dc9db877a9e3c2d6,GAP_BOUNDED,1757900,1624695,0.08198769615220088
9090ad677bf3d1c1ecc0202bc4689336f79adae3e59f29cf9423349b16336eb0,OPTIMAL_CERTIFIED,5301900,5301900,0.0
0d14934f09dfcf619d2de13b3e24d8ff36520cc005f01f302dbc5e162e71a134,OPTIMAL_CERTIFIED,8534700,8534700,0.0
485bdf74c0945099540ed3e8f4da491880f5e860cdc424dbc3bfd44241df47bb,OPTIMAL_CERTIFIED,8533800,8533800,0.0
5cacbeb979a0f995970faf2c341d5180ac77cf0fa9b32573619293cca93df9a3,GAP_BOUNDED,5299100,5296300,0.0005286709589713574
74de7102847a6508cf0e477367304510cb01a18ba6c8c5b4321a14b4ea4d49e5,GAP_BOUNDED,5309700,5307500,0.0004145077720207254
8bd6839ac04d70cdadd9084938d7705e934e7197620bbadb2dd6503f550835ea,GAP_BOUNDED,1753600,1629435,0.07620125994593217
8f72ae7681b12517950aecef8c15f21b0c323138652b75bbf23cabded5107c9a,GAP_BOUNDED,5317000,5315600,0.00026337572428324177
9d2cac7040876e996df0e839152905fbb668bb52211e6c5ae5df3a870ccdb7bb,GAP_BOUNDED,1760800,1628180,0.08145291061184881
d6b1fd131b2822481fbc514ee3307c7e0933ba62bfd48562d39826c386deb2e2,OPTIMAL_CERTIFIED,8534200,8534200,0.0
df84cf5b1e2fa7cbfbd3cb340a9eae6b071a4405babf5d93f04cbd63fa6cf6ea,GAP_BOUNDED,2832400,2800000,0.011571428571428571
e57442d272270f71af33838a6e6a937e9e1b8a345521e831dc9db877a9e3c2d6,GAP_BOUNDED,1757900,1624695,0.08198769615220088
9134417039686c4ff782d5ffc685ed891b8f8e0e6392895b6ec481eb39edc4a6,GAP_BOUNDED,203800,164980,0.23530124863619833
7da427c20a18493fc96885727e4bce62ed39d495539124667756d9c3b1b5c194,GAP_BOUNDED,17142800,16209935,0.05754896611244894
f4d3493769bc5a04430961781d02ad8ce6adacbdeacaf1d53f7e2d4099c44818,GAP_BOUNDED,28032400,28000000,0.0011571428571428572
a3752a828f54043777485c5d86ef7f322866d94fa3b31ca982cfd0b395859a29,GAP_BOUNDED,51467600,51466700,1.7487035306324284e-05
c10db8e1c64dcc890d5ec9fea640e810d28348cb5b939211b78de98d7df509bd,OPTIMAL_CERTIFIED,84135100,84135100,0.0
18a027ab40479813bda10ecbc8f8bdec1ee8346a04176af070123f263150292e,OPTIMAL_CERTIFIED,84135000,84135000,0.0
1d73dc046ca7aeb14a6e5263f2d428868d119284fb6b2c7d6310471ada462034,GAP_BOUNDED,51484400,51481900,4.856075630464299e-05
5ba059f30022ed8ce61eb66df850377f4881d87d1f039ab53e199b537a948ab0,GAP_BOUNDED,17141200,16211955,0.05731850353643345
7c8c29c85bd7bde4c6a68d06d8edf7ebad292ee918097a23cab4e0d56fb6fe12,OPTIMAL_CERTIFIED,84135200,84135200,0.0
86a4f896b4c4ed345dd3a64947924539338badc694168787e528468c333b4c68,GAP_BOUNDED,17149500,16215925,0.057571492221381144
f85e1d78e1ecc50fec68cc046b22fa6d8540348b3c038a1a58dc86705c79ccda,GAP_BOUNDED,51465100,51462000,6.02386226730403e-05
f2832fffa0db94ca393fcf5a63a1cbb81bc5ff35ed6292545309c17e04e9abb9,GAP_BOUNDED,5305600,5304700,0.00016966086677851715
18a027ab40479813bda10ecbc8f8bdec1ee8346a04176af070123f263150292e,OPTIMAL_CERTIFIED,84135000,84135000,0.0
5ba059f30022ed8ce61eb66df850377f4881d87d1f039ab53e199b537a948ab0,GAP_BOUNDED,17141200,16211955,0.05731850353643345
7c8c29c85bd7bde4c6a68d06d8edf7ebad292ee918097a23cab4e0d56fb6fe12,OPTIMAL_CERTIFIED,84135200,84135200,0.0
7da427c20a18493fc96885727e4bce62ed39d495539124667756d9c3b1b5c194,GAP_BOUNDED,17142800,16209935,0.05754896611244894
c10db8e1c64dcc890d5ec9fea640e810d28348cb5b939211b78de98d7df509bd,OPTIMAL_CERTIFIED,84135100,84135100,0.0
f4d3493769bc5a04430961781d02ad8ce6adacbdeacaf1d53f7e2d4099c44818,GAP_BOUNDED,28032400,28000000,0.0011571428571428572
1d73dc046ca7aeb14a6e5263f2d428868d119284fb6b2c7d6310471ada462034,GAP_BOUNDED,51484400,51481900,4.856075630464299e-05
86a4f896b4c4ed345dd3a64947924539338badc694168787e528468c333b4c68,GAP_BOUNDED,17149500,16215925,0.057571492221381144
a3752a828f54043777485c5d86ef7f322866d94fa3b31ca982cfd0b395859a29,GAP_BOUNDED,51467600,51466700,1.7487035306324284e-05
f85e1d78e1ecc50fec68cc046b22fa6d8540348b3c038a1a58dc86705c79ccda,GAP_BOUNDED,51465100,51462000,6.02386226730403e-05
c3e200c246e5e927aa3793edfab5b927cacfb234046888e54fef39e340d07861,GAP_BOUNDED,202500,162240,0.2481508875739645
18a027ab40479813bda10ecbc8f8bdec1ee8346a04176af070123f263150292e,OPTIMAL_CERTIFIED,84135000,84135000,0.0
5ba059f30022ed8ce61eb66df850377f4881d87d1f039ab53e199b537a948ab0,GAP_BOUNDED,17141200,16211955,0.05731850353643345
7c8c29c85bd7bde4c6a68d06d8edf7ebad292ee918097a23cab4e0d56fb6fe12,OPTIMAL_CERTIFIED,84135200,84135200,0.0
7da427c20a18493fc96885727e4bce62ed39d495539124667756d9c3b1b5c194,GAP_BOUNDED,17142800,16209935,0.05754896611244894
c10db8e1c64dcc890d5ec9fea640e810d28348cb5b939211b78de98d7df509bd,OPTIMAL_CERTIFIED,84135100,84135100,0.0
f4d3493769bc5a04430961781d02ad8ce6adacbdeacaf1d53f7e2d4099c44818,GAP_BOUNDED,28032400,28000000,0.0011571428571428572
1d73dc046ca7aeb14a6e5263f2d428868d119284fb6b2c7d6310471ada462034,GAP_BOUNDED,51484400,51481900,4.856075630464299e-05
86a4f896b4c4ed345dd3a64947924539338badc694168787e528468c333b4c68,GAP_BOUNDED,17149500,16215925,0.057571492221381144
a3752a828f54043777485c5d86ef7f322866d94fa3b31ca982cfd0b395859a29,GAP_BOUNDED,51467600,51466700,1.7487035306324284e-05
f85e1d78e1ecc50fec68cc046b22fa6d8540348b3c038a1a58dc86705c79ccda,GAP_BOUNDED,51465100,51462000,6.02386226730403e-05
26bb157a4150c82bef4a649f48972045b7c94caaec078efb018aa6fd8ba5e240,OPTIMAL_CERTIFIED,8526700,8526700,0.0
cb5af29db3ca61452d64a36cf5bc1373624f7bb427d5fb1d1316b5e970c5792b,GAP_BOUNDED,312400,280000,0.11571428571428571
bbae2b55065024dca47687a76cd40342b0aee523b1556bca76ebd6043fd3995c,GAP_BOUNDED,209600,165135,0.2692645411330124
