dataset_id,family,density,n,seed,scenarios_compared,accuracy_coverage,false_successes,false_failures,mission_admitted,diagnostic_admitted,max_produced_error,max_queue_error,max_wip_error,S_G0_over_G2,S_DES_over_G2,S_DAG_over_G2,G1_types,individual_states,G1_bytes,G0_bytes,G1_preparation_s,G0_status,G2_status,DES_status,DAG_status
F1-DENSE-N1000-M200-s101,F1,DENSE,1000,101,11,COMPLETE,0,0,False,False,0.0,0.02,0.6977687626774844,1.5214034345177294,0.05109326358452101,0.023781637401847484,200,1000,42424,44820,0.0013907780000010916,OK,OK,OK,OK
F1-DENSE-N1000-M200-s102,F1,DENSE,1000,102,11,COMPLETE,0,0,False,False,0.0,0.03,0.6980382619974056,5.061588238317957,0.13609859796822474,0.06522277736816444,200,1000,42424,44820,0.000997216999991224,OK,OK,OK,OK
F1-DENSE-N1000-M200-s103,F1,DENSE,1000,103,11,COMPLETE,0,0,False,False,0.0,0.03,0.6989290765811271,28.36600050973313,12.961462184570383,0.30834702895413235,200,1000,42424,44820,0.0014472710000177358,OK,OK,OK,OK
F1-DENSE-N10000-M200-s101,F1,DENSE,10000,101,11,COMPLETE,1,0,False,False,0.005,0.011332142857142735,0.20266690660224757,13.446171122064369,0.5594904765035306,0.10269643798054677,200,10000,402424,440820,0.01626869999995506,OK,OK,OK,OK
F1-DENSE-N10000-M200-s102,F1,DENSE,10000,102,11,COMPLETE,0,0,False,False,0.0,0.012264285714285774,0.1969107567790948,13.289296768474594,0.5788671992626168,0.10430563815069302,200,10000,402424,440820,0.015616975000000366,OK,OK,OK,OK
F1-DENSE-N10000-M200-s103,F1,DENSE,10000,103,11,COMPLETE,0,0,False,False,0.0,0.009983333333333504,0.1969862763871805,13.505818577298475,0.6006708957104588,0.10169582589744268,200,10000,402424,440820,0.01579219299999579,OK,OK,OK,OK
F1-DENSE-N100000-M200-s101,F1,DENSE,100000,101,11,COMPLETE,0,0,True,False,0.0,0.0029081944444441,0.02758623121534798,12.907457455021689,0.7452117057810321,0.09713486258544943,200,100000,4002424,4400820,0.14882854500001486,OK,OK,OK,OK
F1-DENSE-N100000-M200-s102,F1,DENSE,100000,102,11,COMPLETE,0,0,True,False,0.0,0.004973928571429707,0.024496033370796193,12.247839630622316,0.6335876216614466,0.08629107758484014,200,100000,4002424,4400820,0.24726325599999655,OK,OK,OK,OK
F1-DENSE-N100000-M200-s103,F1,DENSE,100000,103,11,COMPLETE,0,0,True,False,0.0,0.005736250000001095,0.0244335488898512,12.700981354668448,0.6081144380858948,0.08637074563254807,200,100000,4002424,4400820,0.21759546499998805,OK,OK,OK,OK
F1-DENSE-N1000000-M200-s101,F1,DENSE,1000000,101,11,COMPLETE,0,0,True,False,0.0,0.006669337500017575,0.008101899196135279,13.037400317430704,1.0084602090842798,0.10797688706610795,200,1000000,40002424,44000820,1.8411555559999897,OK,OK,OK,OK
F1-DENSE-N1000000-M200-s102,F1,DENSE,1000000,102,11,COMPLETE,0,0,True,False,0.0,0.005564229166676519,0.0047488140694862185,12.027391338210574,1.3403768352815433,0.10500417464119281,200,1000000,40002424,44000820,1.556951937000008,OK,OK,OK,OK
F1-DENSE-N1000000-M200-s103,F1,DENSE,1000000,103,11,COMPLETE,0,0,True,False,0.0,0.0037094999999877517,0.002447811171618571,12.589051170543227,0.8026644602060083,0.10742467612941443,200,1000000,40002424,44000820,1.8387321469999733,OK,OK,OK,OK
F1-SPARSE-N1000-M200-s101,F1,SPARSE,1000,101,11,COMPLETE,0,0,False,False,0.0,0.03,0.9728547959054712,14.098567418227317,0.1376350141383528,0.062675849556805,1000,1000,48824,44820,0.0015690010000071197,OK,OK,OK,OK
F1-SPARSE-N1000-M200-s102,F1,SPARSE,1000,102,11,COMPLETE,0,0,False,False,0.0,0.05,0.9738986629134402,13.974942881128058,0.13328012524797514,0.05754620678097124,1000,1000,48824,44820,0.0015026469999952496,OK,OK,OK,OK
F1-SPARSE-N1000-M200-s103,F1,SPARSE,1000,103,11,COMPLETE,0,0,False,False,0.0,0.03,0.9738297834857197,14.425771375666946,0.11974466504236743,0.051040462562797775,1000,1000,48824,44820,0.0020238260000269293,OK,OK,OK,OK
F1-SPARSE-N10000-M200-s101,F1,SPARSE,10000,101,11,COMPLETE,0,0,False,False,0.0,0.015,0.9827423231846091,12.68975865303182,0.26349850318743856,0.04733221035041626,10000,10000,480824,440820,0.011173659999997199,OK,OK,OK,OK
F1-SPARSE-N10000-M200-s102,F1,SPARSE,10000,102,11,COMPLETE,0,0,False,False,0.0,0.019,0.9848507563071511,13.013738974652373,0.1771059789114758,0.028600681538908632,10000,10000,480824,440820,0.017326365999991822,OK,OK,OK,OK
F1-SPARSE-N10000-M200-s103,F1,SPARSE,10000,103,11,COMPLETE,0,0,False,False,0.0,0.014,0.9772298999141344,12.828633172048956,0.17613203452775264,0.028667489806693505,10000,10000,480824,440820,0.017197621000036634,OK,OK,OK,OK
F1-SPARSE-N100000-M200-s101,F1,SPARSE,100000,101,11,COMPLETE,0,0,False,False,0.0,0.0137,0.9963826206280979,12.485484023761817,0.2355303253908935,0.02844518232064628,100000,100000,4800824,4400820,0.21024448500000403,OK,OK,OK,OK
F1-SPARSE-N100000-M200-s102,F1,SPARSE,100000,102,11,COMPLETE,0,0,False,False,0.0,0.0235,0.9963968353975848,12.560174702888716,0.2308980286725341,0.029350553933285742,100000,100000,4800824,4400820,0.22725453400002493,OK,OK,OK,OK
F1-SPARSE-N100000-M200-s103,F1,SPARSE,100000,103,11,COMPLETE,0,0,False,False,0.0,0.0142,0.9969393411312112,12.15613004635272,0.3016008020340357,0.03698550845006854,100000,100000,4800824,4400820,0.18331084199999736,OK,OK,OK,OK
F1-SPARSE-N1000000-M200-s101,F1,SPARSE,1000000,101,11,COMPLETE,0,0,False,False,0.0,0.01391,0.9996488015526099,12.025993167292725,0.5580737932914775,0.10757712340156268,1000000,1000000,48000824,44000820,1.5568085090000068,OK,OK,OK,OK
F1-SPARSE-N1000000-M200-s102,F1,SPARSE,1000000,102,11,COMPLETE,0,0,False,False,0.0,0.01801,0.9996549018064494,,0.36799734258587136,0.06389447054801459,1000000,1000000,48000824,44000820,2.3332091359999936,TIMEOUT,OK,OK,OK
F1-SPARSE-N1000000-M200-s103,F1,SPARSE,1000000,103,11,COMPLETE,0,0,False,False,0.0,0.01359,0.99958631337848,,0.358267221218675,0.05503976936575026,1000000,1000000,48000824,44000820,2.2479149920000054,TIMEOUT,OK,OK,OK
F2-DENSE-N1000-M200-s101,F2,DENSE,1000,101,11,COMPLETE,0,0,False,False,0.0,0.01798940652427252,0.7372285541904453,21.57323253008463,0.8017272477829189,0.33182962811599914,1000,1000,48824,44820,0.003221412000016244,OK,OK,OK,OK
F2-DENSE-N1000-M200-s102,F2,DENSE,1000,102,11,COMPLETE,0,0,False,False,0.0,0.01680389947337259,0.7343866686024181,19.433545468315984,0.7783911889889732,0.3494479221460672,1000,1000,48824,44820,0.0032029490000127225,OK,OK,OK,OK
F2-DENSE-N1000-M200-s103,F2,DENSE,1000,103,11,COMPLETE,0,0,False,False,0.0,0.016642819058548565,0.7329534150439807,19.33230369476689,0.706265358259282,0.28755711393639655,1000,1000,48824,44820,0.004306505000016614,OK,OK,OK,OK
F2-DENSE-N10000-M200-s101,F2,DENSE,10000,101,11,COMPLETE,0,0,False,False,0.0,0.00826964013389426,0.367306334322825,13.554002618458158,0.9603886844709114,0.22147807095333127,10000,10000,480824,440820,0.03418546000000333,OK,OK,OK,OK
F2-DENSE-N10000-M200-s102,F2,DENSE,10000,102,11,COMPLETE,0,0,False,False,0.0,0.009351281184044642,0.39955805320770693,8.25411531367575,0.6624384012034586,0.1501352275362045,10000,10000,480824,440820,0.029106206000008683,OK,OK,OK,OK
F2-DENSE-N10000-M200-s103,F2,DENSE,10000,103,11,COMPLETE,0,0,False,False,0.0,0.007622489738233662,0.3635412671869769,13.685985164342725,0.9502130281936882,0.2072739815635197,10000,10000,480824,440820,0.040411266999967665,OK,OK,OK,OK
F2-DENSE-N100000-M200-s101,F2,DENSE,100000,101,11,COMPLETE,1,0,False,False,0.0001,0.003110160619060569,0.2730445943010829,12.428773394602638,1.5794498652821036,0.30568854450860256,100000,100000,4800824,4400820,0.36930210700001,OK,OK,OK,OK
F2-DENSE-N100000-M200-s102,F2,DENSE,100000,102,11,COMPLETE,0,0,False,False,0.0,0.0027776553558696007,0.2397839874589418,12.6439447856048,1.3262585167345804,0.23973566986328623,100000,100000,4800824,4400820,0.470154449000006,OK,OK,OK,OK
F2-DENSE-N100000-M200-s103,F2,DENSE,100000,103,11,COMPLETE,2,0,False,False,0.0001,0.0025606949948345885,0.3269287876548258,13.54885483335662,1.2527786265425482,0.22623120707640548,100000,100000,4800824,4400820,0.4944061870000098,OK,OK,OK,OK
F2-DENSE-N1000000-M200-s101,F2,DENSE,1000000,101,11,COMPLETE,2,0,False,False,1e-05,0.0009913693568271936,0.32183215790519765,12.620086499988894,2.4546636309426004,0.4490090453083069,1000000,1000000,48000824,44000820,4.36363209000001,OK,OK,OK,OK
F2-DENSE-N1000000-M200-s102,F2,DENSE,1000000,102,11,COMPLETE,0,0,False,False,0.0,0.0008411831991354654,0.32606111530987664,13.266170535149046,1.975792483449782,0.3857748937600763,1000000,1000000,48000824,44000820,5.128911373999983,OK,OK,OK,OK
F2-DENSE-N1000000-M200-s103,F2,DENSE,1000000,103,11,COMPLETE,0,0,False,False,0.0,0.0008763070277206526,0.274591077376478,13.485953482115677,1.8469560679177521,0.3677550193361825,1000000,1000000,48000824,44000820,5.247234101999993,OK,OK,OK,OK
F2-SPARSE-N1000-M200-s101,F2,SPARSE,1000,101,11,COMPLETE,0,0,False,False,0.0,0.01,0.9700246980553955,13.553549216553849,0.23873841993738215,0.12171659212953706,1000,1000,48824,44820,0.0036790670001209946,OK,OK,OK,OK
F2-SPARSE-N1000-M200-s102,F2,SPARSE,1000,102,11,COMPLETE,0,0,False,False,0.0,0.02,0.9710965672929035,14.778213213898677,0.16219815870840507,0.0637420176969895,1000,1000,48824,44820,0.00448167399997601,OK,OK,OK,OK
F2-SPARSE-N1000-M200-s103,F2,SPARSE,1000,103,11,COMPLETE,0,0,False,False,0.0,0.02,0.9716480515850474,16.010907060916228,0.1741552200960067,0.07509952004944648,1000,1000,48824,44820,0.0032390900000223155,OK,OK,OK,OK
F2-SPARSE-N10000-M200-s101,F2,SPARSE,10000,101,11,COMPLETE,0,0,False,False,0.0,0.006,0.984828749679916,12.613850782622322,0.44472634777500486,0.05631468150123117,10000,10000,480824,440820,0.032065947000006645,OK,OK,OK,OK
F2-SPARSE-N10000-M200-s102,F2,SPARSE,10000,102,11,COMPLETE,0,0,False,False,0.0,0.006,0.9828953787182879,13.608247462171956,0.29122970445092716,0.04707591500490056,10000,10000,480824,440820,0.04350052699999196,OK,OK,OK,OK
F2-SPARSE-N10000-M200-s103,F2,SPARSE,10000,103,11,COMPLETE,0,0,False,False,0.0,0.006,0.9868208872423695,13.74899756378678,0.30255814826171845,0.05240554953783695,10000,10000,480824,440820,0.045765571999993426,OK,OK,OK,OK
F2-SPARSE-N100000-M200-s101,F2,SPARSE,100000,101,11,COMPLETE,0,0,False,False,0.0,0.001,0.9942555584534579,13.552548166532032,0.42199776841397607,0.061496475090009065,100000,100000,4800824,4400820,0.4930526540000102,OK,OK,OK,OK
F2-SPARSE-N100000-M200-s102,F2,SPARSE,100000,102,11,COMPLETE,0,0,False,False,0.0,0.0013,0.9966204115050051,12.911885853453454,0.3890895052292731,0.04683077260221076,100000,100000,4800824,4400820,0.46682730199998446,OK,OK,OK,OK
F2-SPARSE-N100000-M200-s103,F2,SPARSE,100000,103,11,COMPLETE,0,0,False,False,0.0,0.0015,0.9972229443476923,12.723185506526722,0.4633265371909592,0.055403980472974936,100000,100000,4800824,4400820,0.3973210699999754,OK,OK,OK,OK
F2-SPARSE-N1000000-M200-s101,F2,SPARSE,1000000,101,11,COMPLETE,0,0,False,False,0.0,0.00079,0.999583397079384,12.700292577464001,0.7555967925240346,0.10569362338808326,1000000,1000000,48000824,44000820,4.465696757999979,OK,OK,OK,OK
F2-SPARSE-N1000000-M200-s102,F2,SPARSE,1000000,102,11,COMPLETE,0,0,False,False,0.0,0.00078,0.999720822880934,,0.5268770245102103,0.08474387872160015,1000000,1000000,48000824,44000820,5.1715332950000175,TIMEOUT,OK,OK,OK
F2-SPARSE-N1000000-M200-s103,F2,SPARSE,1000000,103,11,COMPLETE,0,0,False,False,0.0,0.00079,0.9995988322326494,12.763338029386412,0.659971927091808,0.1002723750590245,1000000,1000000,48000824,44000820,4.273101038999982,OK,OK,OK,OK
