dataset_id,family,density,n,seed,runner_round,engine,K,status,completion_validated,baseline_admitted,scenarios_completed,T_total_s,T_batch_s,rss_peak_bytes,cpu_s,commit,run_id
F1-DENSE-N1000000-M200-s101,F1,DENSE,1000000,101,0,dag,10,OK,True,True,10,3.528002912999966,2.8490163,433946624,3.5204050000000002,afb7081898506524e3591af4e727461fc46efa2d,36234413565
F1-DENSE-N1000000-M200-s101,F1,DENSE,1000000,101,0,des,10,OK,True,True,10,15.615848536999977,15.25063756,433459200,15.612317000000001,afb7081898506524e3591af4e727461fc46efa2d,36234413565
F1-DENSE-N1000000-M200-s101,F1,DENSE,1000000,101,0,tsfg,10,OK,True,True,10,138.63393525200001,138.362120931,473780224,138.60984,afb7081898506524e3591af4e727461fc46efa2d,36234413565
F1-DENSE-N100000-M200-s101,F1,DENSE,100000,101,0,dag,10,OK,True,True,10,0.2824624360000598,0.222813441,73207808,0.28099699999999994,afb7081898506524e3591af4e727461fc46efa2d,36234413565
F1-DENSE-N100000-M200-s101,F1,DENSE,100000,101,0,des,10,OK,True,True,10,0.8268595750000713,0.790486759,73207808,0.8237,afb7081898506524e3591af4e727461fc46efa2d,36234413565
F1-DENSE-N100000-M200-s101,F1,DENSE,100000,101,0,tsfg,10,OK,True,True,10,12.064826799000002,12.036370841,72970240,12.056872,afb7081898506524e3591af4e727461fc46efa2d,36234413565
F2-DENSE-N1000000-M200-s101,F2,DENSE,1000000,101,0,dag,10,OK,True,True,10,4.629534347999993,3.336458078,436436992,4.626514,afb7081898506524e3591af4e727461fc46efa2d,36234413565
F2-DENSE-N1000000-M200-s101,F2,DENSE,1000000,101,0,des,10,OK,True,True,10,15.656895057999975,15.194744676,429527040,15.652249,afb7081898506524e3591af4e727461fc46efa2d,36234413565
F2-DENSE-N1000000-M200-s101,F2,DENSE,1000000,101,0,tsfg,10,OK,True,True,10,104.79937840899998,104.504849145,496996352,104.760706,afb7081898506524e3591af4e727461fc46efa2d,36234413565
F2-DENSE-N1000000-M200-s102,F2,DENSE,1000000,102,0,dag,10,OK,True,True,10,4.674057600000026,3.341892996,436183040,4.671617,afb7081898506524e3591af4e727461fc46efa2d,36234413565
F2-DENSE-N1000000-M200-s102,F2,DENSE,1000000,102,0,des,10,OK,True,True,10,16.54297906100004,16.067124235,428539904,16.536175999999998,afb7081898506524e3591af4e727461fc46efa2d,36234413565
F2-DENSE-N1000000-M200-s102,F2,DENSE,1000000,102,0,tsfg,10,OK,True,True,10,104.313433621,104.023043192,467685376,104.27627100000001,afb7081898506524e3591af4e727461fc46efa2d,36234413565
F1-SPARSE-N1000-M200-s101,F1,SPARSE,1000,101,0,dag,10,OK,True,True,10,0.005924144999994496,0.0039684,34852864,0.004606,afb7081898506524e3591af4e727461fc46efa2d,36234413565
F1-SPARSE-N1000-M200-s101,F1,SPARSE,1000,101,0,des,10,OK,True,True,10,0.010950850000028822,0.009116629,34852864,0.00959,afb7081898506524e3591af4e727461fc46efa2d,36234413565
F1-SPARSE-N1000-M200-s101,F1,SPARSE,1000,101,0,tsfg,10,OK,True,True,10,0.8161642520000214,0.814404284,34459648,0.811908,afb7081898506524e3591af4e727461fc46efa2d,36234413565
F1-DENSE-N100000-M200-s103,F1,DENSE,100000,103,0,dag,10,OK,True,True,10,0.34327799900000855,0.276579472,73842688,0.34209199999999995,afb7081898506524e3591af4e727461fc46efa2d,36234413565
F1-DENSE-N100000-M200-s103,F1,DENSE,100000,103,0,des,10,OK,True,True,10,0.9906190380000055,0.946161863,72892416,0.988789,afb7081898506524e3591af4e727461fc46efa2d,36234413565
F1-DENSE-N100000-M200-s103,F1,DENSE,100000,103,0,tsfg,10,OK,True,True,10,16.25525345199999,16.219966123,57950208,16.233245999999998,afb7081898506524e3591af4e727461fc46efa2d,36234413565
F2-SPARSE-N1000000-M200-s101,F2,SPARSE,1000000,101,0,dag,10,OK,True,True,10,4.558588514000007,3.193255999,436269056,4.553027,afb7081898506524e3591af4e727461fc46efa2d,36234413565
F2-SPARSE-N1000000-M200-s101,F2,SPARSE,1000000,101,0,des,10,OK,True,True,10,15.74328552399993,15.266373984,429604864,15.735059000000001,afb7081898506524e3591af4e727461fc46efa2d,36234413565
F2-SPARSE-N1000000-M200-s101,F2,SPARSE,1000000,101,0,tsfg,10,OK,True,True,10,296.94133682200004,296.652658386,479674368,296.883765,afb7081898506524e3591af4e727461fc46efa2d,36234413565
F1-SPARSE-N1000000-M200-s102,F1,SPARSE,1000000,102,0,dag,10,OK,True,True,10,4.488987119000058,3.392102576,436363264,4.485946,afb7081898506524e3591af4e727461fc46efa2d,36234413565
F1-SPARSE-N1000000-M200-s102,F1,SPARSE,1000000,102,0,des,10,OK,True,True,10,16.535620307000045,16.152645378,429273088,16.530606,afb7081898506524e3591af4e727461fc46efa2d,36234413565
F1-SPARSE-N1000000-M200-s102,F1,SPARSE,1000000,102,0,tsfg,10,TIMEOUT,False,True,7,,,509534208,300.018771,afb7081898506524e3591af4e727461fc46efa2d,36234413565
F2-DENSE-N1000000-M200-s103,F2,DENSE,1000000,103,0,dag,10,OK,True,True,10,4.385372661000019,3.254702567,434978816,4.379507,afb7081898506524e3591af4e727461fc46efa2d,36234413565
F2-DENSE-N1000000-M200-s103,F2,DENSE,1000000,103,0,des,10,OK,True,True,10,18.98754809899998,18.570041395,428941312,18.975953,afb7081898506524e3591af4e727461fc46efa2d,36234413565
F2-DENSE-N1000000-M200-s103,F2,DENSE,1000000,103,0,tsfg,10,OK,True,True,10,77.848036551,77.603340332,466706432,77.74075900000001,afb7081898506524e3591af4e727461fc46efa2d,36234413565
F2-DENSE-N100000-M200-s102,F2,DENSE,100000,102,0,dag,10,OK,True,True,10,0.41537988000001747,0.321900244,73269248,0.41410199999999997,afb7081898506524e3591af4e727461fc46efa2d,36234413565
F2-DENSE-N100000-M200-s102,F2,DENSE,100000,102,0,des,10,OK,True,True,10,1.337505106000009,1.282209046,72318976,1.335856,afb7081898506524e3591af4e727461fc46efa2d,36234413565
F2-DENSE-N100000-M200-s102,F2,DENSE,100000,102,0,tsfg,10,OK,True,True,10,10.610831929000014,10.573933123,56705024,10.604408000000001,afb7081898506524e3591af4e727461fc46efa2d,36234413565
F2-SPARSE-N10000-M200-s101,F2,SPARSE,10000,101,0,dag,10,OK,True,True,10,0.029977196999993794,0.024702244,37892096,0.019556999999999998,afb7081898506524e3591af4e727461fc46efa2d,36234413565
F2-SPARSE-N10000-M200-s101,F2,SPARSE,10000,101,0,des,10,OK,True,True,10,0.06206707300000858,0.058318351,37634048,0.06085,afb7081898506524e3591af4e727461fc46efa2d,36234413565
F2-SPARSE-N10000-M200-s101,F2,SPARSE,10000,101,0,tsfg,10,OK,True,True,10,2.0400148399999978,2.036684227,35696640,2.036489,afb7081898506524e3591af4e727461fc46efa2d,36234413565
F2-DENSE-N1000-M200-s103,F2,DENSE,1000,103,0,dag,10,OK,True,True,10,0.007399388999999701,0.004806128,34643968,0.006568,afb7081898506524e3591af4e727461fc46efa2d,36234413565
F2-DENSE-N1000-M200-s103,F2,DENSE,1000,103,0,des,10,OK,True,True,10,0.019284335000008923,0.015699631,34643968,0.018261,afb7081898506524e3591af4e727461fc46efa2d,36234413565
F2-DENSE-N1000-M200-s103,F2,DENSE,1000,103,0,tsfg,10,OK,True,True,10,0.29147152899997764,0.289282475,34381824,0.290165,afb7081898506524e3591af4e727461fc46efa2d,36234413565
F1-DENSE-N100000-M200-s102,F1,DENSE,100000,102,0,dag,10,OK,True,True,10,0.34624268699997174,0.277755745,72593408,0.34508999999999995,afb7081898506524e3591af4e727461fc46efa2d,36234413565
F1-DENSE-N100000-M200-s102,F1,DENSE,100000,102,0,des,10,OK,True,True,10,1.01283411899999,0.967231062,72065024,1.011107,afb7081898506524e3591af4e727461fc46efa2d,36234413565
F1-DENSE-N100000-M200-s102,F1,DENSE,100000,102,0,tsfg,10,OK,True,True,10,16.47231426099995,16.438117776,58400768,16.461852,afb7081898506524e3591af4e727461fc46efa2d,36234413565
F2-DENSE-N100000-M200-s101,F2,DENSE,100000,101,0,dag,10,OK,True,True,10,0.3966870369999924,0.314668142,72818688,0.39540000000000003,afb7081898506524e3591af4e727461fc46efa2d,36234413565
F2-DENSE-N100000-M200-s101,F2,DENSE,100000,101,0,des,10,OK,True,True,10,1.1983503749999613,1.150696092,72253440,1.197219,afb7081898506524e3591af4e727461fc46efa2d,36234413565
F2-DENSE-N100000-M200-s101,F2,DENSE,100000,101,0,tsfg,10,OK,True,True,10,10.53998707400001,10.505127289,56868864,10.536539999999999,afb7081898506524e3591af4e727461fc46efa2d,36234413565
F2-SPARSE-N100000-M200-s102,F2,SPARSE,100000,102,0,dag,10,OK,True,True,10,0.32257905000000164,0.246658867,72953856,0.321004,afb7081898506524e3591af4e727461fc46efa2d,36234413565
F2-SPARSE-N100000-M200-s102,F2,SPARSE,100000,102,0,des,10,OK,True,True,10,1.030260224999978,0.989148638,70299648,1.028671,afb7081898506524e3591af4e727461fc46efa2d,36234413565
F2-SPARSE-N100000-M200-s102,F2,SPARSE,100000,102,0,tsfg,10,OK,True,True,10,23.179916360999997,23.151017868,57131008,23.170185999999998,afb7081898506524e3591af4e727461fc46efa2d,36234413565
F2-DENSE-N10000-M200-s102,F2,DENSE,10000,102,0,dag,10,OK,True,True,10,0.0388022299999875,0.02960046,38043648,0.038043,afb7081898506524e3591af4e727461fc46efa2d,36234413565
F2-DENSE-N10000-M200-s102,F2,DENSE,10000,102,0,des,10,OK,True,True,10,0.10041183499998851,0.093989406,37888000,0.099421,afb7081898506524e3591af4e727461fc46efa2d,36234413565
F2-DENSE-N10000-M200-s102,F2,DENSE,10000,102,0,tsfg,10,OK,True,True,10,1.2560676649999891,1.2507588840000001,35799040,1.254827,afb7081898506524e3591af4e727461fc46efa2d,36234413565
F2-DENSE-N100000-M200-s103,F2,DENSE,100000,103,0,dag,10,OK,True,True,10,0.3388079040000207,0.259039317,75464704,0.33731599999999995,afb7081898506524e3591af4e727461fc46efa2d,36234413565
F2-DENSE-N100000-M200-s103,F2,DENSE,100000,103,0,des,10,OK,True,True,10,1.0928686080000034,1.049304729,73748480,1.0910330000000001,afb7081898506524e3591af4e727461fc46efa2d,36234413565
F2-DENSE-N100000-M200-s103,F2,DENSE,100000,103,0,tsfg,10,OK,True,True,10,8.091824257000042,8.06264437,59076608,8.087743999999999,afb7081898506524e3591af4e727461fc46efa2d,36234413565
F2-DENSE-N1000-M200-s101,F2,DENSE,1000,101,0,dag,10,OK,True,True,10,0.00952432700000827,0.007472325,34750464,0.005044999999999999,afb7081898506524e3591af4e727461fc46efa2d,36234413565
F2-DENSE-N1000-M200-s101,F2,DENSE,1000,101,0,des,10,OK,True,True,10,0.012263766999993209,0.01026525,34750464,0.010688,afb7081898506524e3591af4e727461fc46efa2d,36234413565
F2-DENSE-N1000-M200-s101,F2,DENSE,1000,101,0,tsfg,10,OK,True,True,10,0.23461982000000603,0.232539264,34488320,0.230108,afb7081898506524e3591af4e727461fc46efa2d,36234413565
F1-SPARSE-N100000-M200-s102,F1,SPARSE,100000,102,0,dag,10,OK,True,True,10,0.40000696699999594,0.30914405,72892416,0.39860299999999993,afb7081898506524e3591af4e727461fc46efa2d,36234413565
F1-SPARSE-N100000-M200-s102,F1,SPARSE,100000,102,0,des,10,OK,True,True,10,1.1625137919999986,1.114519046,70815744,1.1610669999999998,afb7081898506524e3591af4e727461fc46efa2d,36234413565
F1-SPARSE-N100000-M200-s102,F1,SPARSE,100000,102,0,tsfg,10,OK,True,True,10,47.842770247000004,47.807445783,57634816,47.829769,afb7081898506524e3591af4e727461fc46efa2d,36234413565
F2-SPARSE-N1000-M200-s103,F2,SPARSE,1000,103,0,dag,10,OK,True,True,10,0.006887485999982346,0.004596135,34623488,0.006163999999999999,afb7081898506524e3591af4e727461fc46efa2d,36234413565
F2-SPARSE-N1000-M200-s103,F2,SPARSE,1000,103,0,des,10,OK,True,True,10,0.012627508000008447,0.010424243,34623488,0.011800999999999999,afb7081898506524e3591af4e727461fc46efa2d,36234413565
F2-SPARSE-N1000-M200-s103,F2,SPARSE,1000,103,0,tsfg,10,OK,True,True,10,1.1097795420000125,1.107466953,34361344,1.1077219999999999,afb7081898506524e3591af4e727461fc46efa2d,36234413565
F1-DENSE-N1000-M200-s103,F1,DENSE,1000,103,0,dag,10,OK,True,True,10,0.007230273000004672,0.004806014,34676736,0.006545,afb7081898506524e3591af4e727461fc46efa2d,36234413565
F1-DENSE-N1000-M200-s103,F1,DENSE,1000,103,0,des,10,OK,True,True,10,0.013157988999978443,0.010682293,34676736,0.012354,afb7081898506524e3591af4e727461fc46efa2d,36234413565
F1-DENSE-N1000-M200-s103,F1,DENSE,1000,103,0,tsfg,10,OK,True,True,10,0.3602221410000084,0.357808839,34283520,0.357132,afb7081898506524e3591af4e727461fc46efa2d,36234413565
F1-SPARSE-N1000-M200-s103,F1,SPARSE,1000,103,0,dag,10,OK,True,True,10,0.007067058999993492,0.004781608,34676736,0.006281999999999999,afb7081898506524e3591af4e727461fc46efa2d,36234413565
F1-SPARSE-N1000-M200-s103,F1,SPARSE,1000,103,0,des,10,OK,True,True,10,0.012464723999997318,0.010150319,34676736,0.011658,afb7081898506524e3591af4e727461fc46efa2d,36234413565
F1-SPARSE-N1000-M200-s103,F1,SPARSE,1000,103,0,tsfg,10,OK,True,True,10,1.2218001649999906,1.219024093,34283520,1.2205380000000001,afb7081898506524e3591af4e727461fc46efa2d,36234413565
F1-SPARSE-N100000-M200-s103,F1,SPARSE,100000,103,0,dag,10,OK,True,True,10,0.38822511200001486,0.307916256,73703424,0.387175,afb7081898506524e3591af4e727461fc46efa2d,36234413565
F1-SPARSE-N100000-M200-s103,F1,SPARSE,100000,103,0,des,10,OK,True,True,10,1.1919872329999919,1.145646784,70086656,1.19067,afb7081898506524e3591af4e727461fc46efa2d,36234413565
F1-SPARSE-N100000-M200-s103,F1,SPARSE,100000,103,0,tsfg,10,OK,True,True,10,47.624948948,47.591039279,59801600,47.605297,afb7081898506524e3591af4e727461fc46efa2d,36234413565
F2-SPARSE-N100000-M200-s101,F2,SPARSE,100000,101,0,dag,10,OK,True,True,10,0.3838028660000248,0.301412499,73080832,0.38257699999999994,afb7081898506524e3591af4e727461fc46efa2d,36234413565
F2-SPARSE-N100000-M200-s101,F2,SPARSE,100000,101,0,des,10,OK,True,True,10,1.1901461770000026,1.146307113,73031680,1.188648,afb7081898506524e3591af4e727461fc46efa2d,36234413565
F2-SPARSE-N100000-M200-s101,F2,SPARSE,100000,101,0,tsfg,10,OK,True,True,10,30.930253331000003,30.895277504,56918016,30.915793,afb7081898506524e3591af4e727461fc46efa2d,36234413565
F1-SPARSE-N100000-M200-s101,F1,SPARSE,100000,101,0,dag,10,OK,True,True,10,0.386086626000008,0.307835584,74670080,0.38493099999999997,afb7081898506524e3591af4e727461fc46efa2d,36234413565
F1-SPARSE-N100000-M200-s101,F1,SPARSE,100000,101,0,des,10,OK,True,True,10,1.1200332740000079,1.072150003,71860224,1.11876,afb7081898506524e3591af4e727461fc46efa2d,36234413565
F1-SPARSE-N100000-M200-s101,F1,SPARSE,100000,101,0,tsfg,10,OK,True,True,10,47.620793033,47.585158992,60862464,47.5785,afb7081898506524e3591af4e727461fc46efa2d,36234413565
F1-DENSE-N1000000-M200-s103,F1,DENSE,1000000,103,0,dag,10,OK,True,True,10,3.396843051000019,2.752719023,435372032,3.3941929999999996,afb7081898506524e3591af4e727461fc46efa2d,36234413565
F1-DENSE-N1000000-M200-s103,F1,DENSE,1000000,103,0,des,10,OK,True,True,10,14.064614726999991,13.656410395,428720128,14.057599,afb7081898506524e3591af4e727461fc46efa2d,36234413565
F1-DENSE-N1000000-M200-s103,F1,DENSE,1000000,103,0,tsfg,10,OK,True,True,10,159.61954531100002,159.327067766,489095168,159.547374,afb7081898506524e3591af4e727461fc46efa2d,36234413565
F1-SPARSE-N10000-M200-s102,F1,SPARSE,10000,102,0,dag,10,OK,True,True,10,0.03931815700002517,0.03029673,37957632,0.038296,afb7081898506524e3591af4e727461fc46efa2d,36234413565
F1-SPARSE-N10000-M200-s102,F1,SPARSE,10000,102,0,des,10,OK,True,True,10,0.09879059200000029,0.091965426,37769216,0.097617,afb7081898506524e3591af4e727461fc46efa2d,36234413565
F1-SPARSE-N10000-M200-s102,F1,SPARSE,10000,102,0,tsfg,10,OK,True,True,10,5.653905964000046,5.648071685,35581952,5.649636999999999,afb7081898506524e3591af4e727461fc46efa2d,36234413565
F1-SPARSE-N1000000-M200-s101,F1,SPARSE,1000000,101,0,dag,10,OK,True,True,10,4.5634539359999735,3.444421642,436756480,4.560542,afb7081898506524e3591af4e727461fc46efa2d,36234413565
F1-SPARSE-N1000000-M200-s101,F1,SPARSE,1000000,101,0,des,10,OK,True,True,10,15.97434650699995,15.591876033,429248512,15.968586,afb7081898506524e3591af4e727461fc46efa2d,36234413565
F1-SPARSE-N1000000-M200-s101,F1,SPARSE,1000000,101,0,tsfg,10,TIMEOUT,False,True,7,,,491106304,300.04128000000003,afb7081898506524e3591af4e727461fc46efa2d,36234413565
F1-DENSE-N1000000-M200-s102,F1,DENSE,1000000,102,0,dag,10,OK,True,True,10,3.4712850670000535,2.830149411,435814400,3.469422,afb7081898506524e3591af4e727461fc46efa2d,36234413565
F1-DENSE-N1000000-M200-s102,F1,DENSE,1000000,102,0,des,10,OK,True,True,10,16.444953048000002,16.05952294,427364352,16.440823,afb7081898506524e3591af4e727461fc46efa2d,36234413565
F1-DENSE-N1000000-M200-s102,F1,DENSE,1000000,102,0,tsfg,10,OK,True,True,10,159.45669168799998,159.163542395,474595328,159.413248,afb7081898506524e3591af4e727461fc46efa2d,36234413565
F2-SPARSE-N10000-M200-s103,F2,SPARSE,10000,103,0,dag,10,OK,True,True,10,0.04011787999999683,0.030491311,37949440,0.038756,afb7081898506524e3591af4e727461fc46efa2d,36234413565
F2-SPARSE-N10000-M200-s103,F2,SPARSE,10000,103,0,des,10,OK,True,True,10,0.10530468000000326,0.098733756,37900288,0.10413299999999999,afb7081898506524e3591af4e727461fc46efa2d,36234413565
F2-SPARSE-N10000-M200-s103,F2,SPARSE,10000,103,0,tsfg,10,OK,True,True,10,3.8377519459999974,3.832261778,35696640,3.835897,afb7081898506524e3591af4e727461fc46efa2d,36234413565
F1-SPARSE-N10000-M200-s103,F1,SPARSE,10000,103,0,dag,10,OK,True,True,10,0.03889516399999593,0.029834434,38068224,0.038112,afb7081898506524e3591af4e727461fc46efa2d,36234413565
F1-SPARSE-N10000-M200-s103,F1,SPARSE,10000,103,0,des,10,OK,True,True,10,0.09704154000002063,0.090544487,37810176,0.09591699999999999,afb7081898506524e3591af4e727461fc46efa2d,36234413565
F1-SPARSE-N10000-M200-s103,F1,SPARSE,10000,103,0,tsfg,10,OK,True,True,10,5.491842770999995,5.486895435,35815424,5.489787000000001,afb7081898506524e3591af4e727461fc46efa2d,36234413565
F1-DENSE-N1000-M200-s101,F1,DENSE,1000,101,0,dag,10,OK,True,True,10,0.006885435000000939,0.004684452,34512896,0.006156999999999999,afb7081898506524e3591af4e727461fc46efa2d,36234413565
F1-DENSE-N1000-M200-s101,F1,DENSE,1000,101,0,des,10,OK,True,True,10,0.012277586999999812,0.009938387,34512896,0.011452,afb7081898506524e3591af4e727461fc46efa2d,36234413565
F1-DENSE-N1000-M200-s101,F1,DENSE,1000,101,0,tsfg,10,OK,True,True,10,0.3523986839999935,0.350225514,34250752,0.35115299999999994,afb7081898506524e3591af4e727461fc46efa2d,36234413565
F2-DENSE-N10000-M200-s101,F2,DENSE,10000,101,0,dag,10,OK,True,True,10,0.033053261000020484,0.026382304,37789696,0.027848,afb7081898506524e3591af4e727461fc46efa2d,36234413565
F2-DENSE-N10000-M200-s101,F2,DENSE,10000,101,0,des,10,OK,True,True,10,0.08487853799999812,0.080328497,37789696,0.083214,afb7081898506524e3591af4e727461fc46efa2d,36234413565
F2-DENSE-N10000-M200-s101,F2,DENSE,10000,101,0,tsfg,10,OK,True,True,10,0.8348780190000014,0.830743813,35569664,0.832233,afb7081898506524e3591af4e727461fc46efa2d,36234413565
F1-SPARSE-N1000000-M200-s103,F1,SPARSE,1000000,103,0,dag,10,OK,True,True,10,4.911156797000103,3.607606373,435036160,4.905107999999999,afb7081898506524e3591af4e727461fc46efa2d,36234413565
F1-SPARSE-N1000000-M200-s103,F1,SPARSE,1000000,103,0,des,10,OK,True,True,10,16.46397743099999,15.964487411,427655168,16.452395999999997,afb7081898506524e3591af4e727461fc46efa2d,36234413565
F1-SPARSE-N1000000-M200-s103,F1,SPARSE,1000000,103,0,tsfg,10,TIMEOUT,False,True,6,,,471216128,299.95529500000004,afb7081898506524e3591af4e727461fc46efa2d,36234413565
F2-DENSE-N1000-M200-s102,F2,DENSE,1000,102,0,dag,10,OK,True,True,10,0.006637191000010034,0.004187953,34578432,0.005462999999999999,afb7081898506524e3591af4e727461fc46efa2d,36234413565
F2-DENSE-N1000-M200-s102,F2,DENSE,1000,102,0,des,10,OK,True,True,10,0.011141522000002624,0.008994212,34578432,0.009917,afb7081898506524e3591af4e727461fc46efa2d,36234413565
F2-DENSE-N1000-M200-s102,F2,DENSE,1000,102,0,tsfg,10,OK,True,True,10,0.29261379100000795,0.290516574,34316288,0.23481299999999997,afb7081898506524e3591af4e727461fc46efa2d,36234413565
F2-SPARSE-N100000-M200-s103,F2,SPARSE,100000,103,0,dag,10,OK,True,True,10,0.37111255100001017,0.288610108,73502720,0.369411,afb7081898506524e3591af4e727461fc46efa2d,36234413565
F2-SPARSE-N100000-M200-s103,F2,SPARSE,100000,103,0,des,10,OK,True,True,10,1.2207237929999906,1.169349951,73502720,1.2188309999999998,afb7081898506524e3591af4e727461fc46efa2d,36234413565
F2-SPARSE-N100000-M200-s103,F2,SPARSE,100000,103,0,tsfg,10,OK,True,True,10,27.06278301599997,27.030035144,62545920,27.05211,afb7081898506524e3591af4e727461fc46efa2d,36234413565
F2-SPARSE-N10000-M200-s102,F2,SPARSE,10000,102,0,dag,10,OK,True,True,10,0.038947710999991614,0.029899657,37855232,0.03818,afb7081898506524e3591af4e727461fc46efa2d,36234413565
F2-SPARSE-N10000-M200-s102,F2,SPARSE,10000,102,0,des,10,OK,True,True,10,0.10367789500000413,0.097435921,37597184,0.102713,afb7081898506524e3591af4e727461fc46efa2d,36234413565
F2-SPARSE-N10000-M200-s102,F2,SPARSE,10000,102,0,tsfg,10,OK,True,True,10,3.951641066999997,3.946114336,35586048,3.947115,afb7081898506524e3591af4e727461fc46efa2d,36234413565
F2-SPARSE-N1000-M200-s102,F2,SPARSE,1000,102,0,dag,10,OK,True,True,10,0.0069974620000010646,0.00462859,34590720,0.006286,afb7081898506524e3591af4e727461fc46efa2d,36234413565
F2-SPARSE-N1000-M200-s102,F2,SPARSE,1000,102,0,des,10,OK,True,True,10,0.012674003000000766,0.010318936,34590720,0.011878,afb7081898506524e3591af4e727461fc46efa2d,36234413565
F2-SPARSE-N1000-M200-s102,F2,SPARSE,1000,102,0,tsfg,10,OK,True,True,10,1.0113186869999993,1.008950988,34328576,1.0100580000000001,afb7081898506524e3591af4e727461fc46efa2d,36234413565
F1-DENSE-N1000-M200-s102,F1,DENSE,1000,102,0,dag,10,OK,True,True,10,0.005231382000005169,0.003864771,34873344,0.00326,afb7081898506524e3591af4e727461fc46efa2d,36234413565
F1-DENSE-N1000-M200-s102,F1,DENSE,1000,102,0,des,10,OK,True,True,10,0.009137089000006426,0.00788884,34873344,0.00718,afb7081898506524e3591af4e727461fc46efa2d,36234413565
F1-DENSE-N1000-M200-s102,F1,DENSE,1000,102,0,tsfg,10,OK,True,True,10,0.19751953000002231,0.19614092,34611200,0.1955,afb7081898506524e3591af4e727461fc46efa2d,36234413565
F2-DENSE-N10000-M200-s103,F2,DENSE,10000,103,0,dag,10,OK,True,True,10,0.04323021800000504,0.031356085,37871616,0.042155,afb7081898506524e3591af4e727461fc46efa2d,36234413565
F2-DENSE-N10000-M200-s103,F2,DENSE,10000,103,0,des,10,OK,True,True,10,0.11283571799999947,0.105596043,37646336,0.111783,afb7081898506524e3591af4e727461fc46efa2d,36234413565
F2-DENSE-N10000-M200-s103,F2,DENSE,10000,103,0,tsfg,10,OK,True,True,10,1.2771400620000009,1.271144678,35655680,1.275873,afb7081898506524e3591af4e727461fc46efa2d,36234413565
F2-SPARSE-N1000000-M200-s103,F2,SPARSE,1000000,103,0,dag,10,OK,True,True,10,4.636285187999988,3.220193089,435580928,4.632148,afb7081898506524e3591af4e727461fc46efa2d,36234413565
F2-SPARSE-N1000000-M200-s103,F2,SPARSE,1000000,103,0,des,10,OK,True,True,10,15.933665295000083,15.431297847,428535808,15.923925,afb7081898506524e3591af4e727461fc46efa2d,36234413565
F2-SPARSE-N1000000-M200-s103,F2,SPARSE,1000000,103,0,tsfg,10,TIMEOUT,False,True,9,,,496873472,299.978865,afb7081898506524e3591af4e727461fc46efa2d,36234413565
F1-DENSE-N10000-M200-s101,F1,DENSE,10000,101,0,dag,10,OK,True,True,10,0.028029841999995142,0.022568565,37974016,0.019396,afb7081898506524e3591af4e727461fc46efa2d,36234413565
F1-DENSE-N10000-M200-s101,F1,DENSE,10000,101,0,des,10,OK,True,True,10,0.054935387000000446,0.050633551,37859328,0.053517999999999996,afb7081898506524e3591af4e727461fc46efa2d,36234413565
F1-DENSE-N10000-M200-s101,F1,DENSE,10000,101,0,tsfg,10,OK,True,True,10,0.9568880510000071,0.953607827,35680256,0.9524959999999999,afb7081898506524e3591af4e727461fc46efa2d,36234413565
F1-SPARSE-N1000-M200-s102,F1,SPARSE,1000,102,0,dag,10,OK,True,True,10,0.006756597999810765,0.004405751,34885632,0.0055179999999999995,afb7081898506524e3591af4e727461fc46efa2d,36234413565
F1-SPARSE-N1000-M200-s102,F1,SPARSE,1000,102,0,des,10,OK,True,True,10,0.011436335999860603,0.009326118,34885632,0.010512,afb7081898506524e3591af4e727461fc46efa2d,36234413565
F1-SPARSE-N1000-M200-s102,F1,SPARSE,1000,102,0,tsfg,10,OK,True,True,10,1.0652113189999,1.063009354,34623488,1.062516,afb7081898506524e3591af4e727461fc46efa2d,36234413565
F1-SPARSE-N10000-M200-s101,F1,SPARSE,10000,101,0,dag,10,OK,True,True,10,0.03949828999998317,0.030042841,37924864,0.038541,afb7081898506524e3591af4e727461fc46efa2d,36234413565
F1-SPARSE-N10000-M200-s101,F1,SPARSE,10000,101,0,des,10,OK,True,True,10,0.09744014700001458,0.09089491,37670912,0.096266,afb7081898506524e3591af4e727461fc46efa2d,36234413565
F1-SPARSE-N10000-M200-s101,F1,SPARSE,10000,101,0,tsfg,10,OK,True,True,10,5.567137252000009,5.561469551,35717120,5.562794,afb7081898506524e3591af4e727461fc46efa2d,36234413565
F1-DENSE-N10000-M200-s102,F1,DENSE,10000,102,0,dag,10,OK,True,True,10,0.0385738530000026,0.030068285,37974016,0.037052,afb7081898506524e3591af4e727461fc46efa2d,36234413565
F1-DENSE-N10000-M200-s102,F1,DENSE,10000,102,0,des,10,OK,True,True,10,0.09387389200000484,0.087249628,37621760,0.09215999999999999,afb7081898506524e3591af4e727461fc46efa2d,36234413565
F1-DENSE-N10000-M200-s102,F1,DENSE,10000,102,0,tsfg,10,OK,True,True,10,1.801146345999996,1.795760952,35643392,1.798746,afb7081898506524e3591af4e727461fc46efa2d,36234413565
F2-SPARSE-N1000-M200-s101,F2,SPARSE,1000,101,0,dag,10,OK,True,True,10,0.0064884770000048775,0.004298073,34820096,0.005264,afb7081898506524e3591af4e727461fc46efa2d,36234413565
F2-SPARSE-N1000-M200-s101,F2,SPARSE,1000,101,0,des,10,OK,True,True,10,0.011267279999970015,0.009068175,34820096,0.010001,afb7081898506524e3591af4e727461fc46efa2d,36234413565
F2-SPARSE-N1000-M200-s101,F2,SPARSE,1000,101,0,tsfg,10,OK,True,True,10,0.7959979089999933,0.793723332,34820096,0.7943479999999999,afb7081898506524e3591af4e727461fc46efa2d,36234413565
F1-DENSE-N10000-M200-s103,F1,DENSE,10000,103,0,dag,10,OK,True,True,10,0.03938877899999227,0.029709643,37990400,0.038489999999999996,afb7081898506524e3591af4e727461fc46efa2d,36234413565
F1-DENSE-N10000-M200-s103,F1,DENSE,10000,103,0,des,10,OK,True,True,10,0.09553104900000164,0.088674092,37863424,0.09458899999999999,afb7081898506524e3591af4e727461fc46efa2d,36234413565
F1-DENSE-N10000-M200-s103,F1,DENSE,10000,103,0,tsfg,10,OK,True,True,10,1.7492309840000075,1.743282257,35606528,1.7476779999999998,afb7081898506524e3591af4e727461fc46efa2d,36234413565
F2-SPARSE-N1000000-M200-s102,F2,SPARSE,1000000,102,0,dag,10,OK,True,True,10,2.9831016879999765,1.999998958,435417088,2.9810049999999997,afb7081898506524e3591af4e727461fc46efa2d,36234413565
F2-SPARSE-N1000000-M200-s102,F2,SPARSE,1000000,102,0,des,10,OK,True,True,10,11.820756570000015,11.52449428,428376064,11.814842,afb7081898506524e3591af4e727461fc46efa2d,36234413565
F2-SPARSE-N1000000-M200-s102,F2,SPARSE,1000000,102,0,tsfg,10,OK,True,True,10,159.64061879099998,159.48410268,471203840,159.610558,afb7081898506524e3591af4e727461fc46efa2d,36234413565
