dataset_id,deadline_ratio,scenarios,exact_successes,false_successes,false_failures,analysis
F1-DENSE-N1000-M200-s101,1.0,11,10,1,0,POST_HOC diagnostic projection; no queue/WIP class at these deadlines
F1-DENSE-N1000-M200-s101,1.01,11,10,1,0,POST_HOC diagnostic projection; no queue/WIP class at these deadlines
F1-DENSE-N1000-M200-s102,1.0,11,7,4,0,POST_HOC diagnostic projection; no queue/WIP class at these deadlines
F1-DENSE-N1000-M200-s102,1.01,11,9,2,0,POST_HOC diagnostic projection; no queue/WIP class at these deadlines
F1-DENSE-N1000-M200-s103,1.0,11,8,3,0,POST_HOC diagnostic projection; no queue/WIP class at these deadlines
F1-DENSE-N1000-M200-s103,1.01,11,8,3,0,POST_HOC diagnostic projection; no queue/WIP class at these deadlines
F1-DENSE-N10000-M200-s101,1.0,11,7,4,0,POST_HOC diagnostic projection; no queue/WIP class at these deadlines
F1-DENSE-N10000-M200-s101,1.01,11,8,3,0,POST_HOC diagnostic projection; no queue/WIP class at these deadlines
F1-DENSE-N10000-M200-s102,1.0,11,8,3,0,POST_HOC diagnostic projection; no queue/WIP class at these deadlines
F1-DENSE-N10000-M200-s102,1.01,11,8,3,0,POST_HOC diagnostic projection; no queue/WIP class at these deadlines
F1-DENSE-N10000-M200-s103,1.0,11,10,1,0,POST_HOC diagnostic projection; no queue/WIP class at these deadlines
F1-DENSE-N10000-M200-s103,1.01,11,10,1,0,POST_HOC diagnostic projection; no queue/WIP class at these deadlines
F1-DENSE-N100000-M200-s101,1.0,11,8,3,0,POST_HOC diagnostic projection; no queue/WIP class at these deadlines
F1-DENSE-N100000-M200-s101,1.01,11,9,2,0,POST_HOC diagnostic projection; no queue/WIP class at these deadlines
F1-DENSE-N100000-M200-s102,1.0,11,8,3,0,POST_HOC diagnostic projection; no queue/WIP class at these deadlines
F1-DENSE-N100000-M200-s102,1.01,11,9,2,0,POST_HOC diagnostic projection; no queue/WIP class at these deadlines
F1-DENSE-N100000-M200-s103,1.0,11,9,2,0,POST_HOC diagnostic projection; no queue/WIP class at these deadlines
F1-DENSE-N100000-M200-s103,1.01,11,10,1,0,POST_HOC diagnostic projection; no queue/WIP class at these deadlines
F1-DENSE-N1000000-M200-s101,1.0,11,7,2,0,POST_HOC diagnostic projection; no queue/WIP class at these deadlines
F1-DENSE-N1000000-M200-s101,1.01,11,8,2,0,POST_HOC diagnostic projection; no queue/WIP class at these deadlines
F1-DENSE-N1000000-M200-s102,1.0,11,9,2,0,POST_HOC diagnostic projection; no queue/WIP class at these deadlines
F1-DENSE-N1000000-M200-s102,1.01,11,9,2,0,POST_HOC diagnostic projection; no queue/WIP class at these deadlines
F1-DENSE-N1000000-M200-s103,1.0,11,10,1,0,POST_HOC diagnostic projection; no queue/WIP class at these deadlines
F1-DENSE-N1000000-M200-s103,1.01,11,11,0,0,POST_HOC diagnostic projection; no queue/WIP class at these deadlines
F1-SPARSE-N1000-M200-s101,1.0,11,11,0,0,POST_HOC diagnostic projection; no queue/WIP class at these deadlines
F1-SPARSE-N1000-M200-s101,1.01,11,11,0,0,POST_HOC diagnostic projection; no queue/WIP class at these deadlines
F1-SPARSE-N1000-M200-s102,1.0,11,10,1,0,POST_HOC diagnostic projection; no queue/WIP class at these deadlines
F1-SPARSE-N1000-M200-s102,1.01,11,11,0,0,POST_HOC diagnostic projection; no queue/WIP class at these deadlines
F1-SPARSE-N1000-M200-s103,1.0,11,11,0,0,POST_HOC diagnostic projection; no queue/WIP class at these deadlines
F1-SPARSE-N1000-M200-s103,1.01,11,11,0,0,POST_HOC diagnostic projection; no queue/WIP class at these deadlines
F1-SPARSE-N10000-M200-s101,1.0,11,9,2,0,POST_HOC diagnostic projection; no queue/WIP class at these deadlines
F1-SPARSE-N10000-M200-s101,1.01,11,9,2,0,POST_HOC diagnostic projection; no queue/WIP class at these deadlines
F1-SPARSE-N10000-M200-s102,1.0,11,8,3,0,POST_HOC diagnostic projection; no queue/WIP class at these deadlines
F1-SPARSE-N10000-M200-s102,1.01,11,10,1,0,POST_HOC diagnostic projection; no queue/WIP class at these deadlines
F1-SPARSE-N10000-M200-s103,1.0,11,8,3,0,POST_HOC diagnostic projection; no queue/WIP class at these deadlines
F1-SPARSE-N10000-M200-s103,1.01,11,9,2,0,POST_HOC diagnostic projection; no queue/WIP class at these deadlines
F1-SPARSE-N100000-M200-s101,1.0,11,10,1,0,POST_HOC diagnostic projection; no queue/WIP class at these deadlines
F1-SPARSE-N100000-M200-s101,1.01,11,10,1,0,POST_HOC diagnostic projection; no queue/WIP class at these deadlines
F1-SPARSE-N100000-M200-s102,1.0,11,9,2,0,POST_HOC diagnostic projection; no queue/WIP class at these deadlines
F1-SPARSE-N100000-M200-s102,1.01,11,9,2,0,POST_HOC diagnostic projection; no queue/WIP class at these deadlines
F1-SPARSE-N100000-M200-s103,1.0,11,9,2,0,POST_HOC diagnostic projection; no queue/WIP class at these deadlines
F1-SPARSE-N100000-M200-s103,1.01,11,9,2,0,POST_HOC diagnostic projection; no queue/WIP class at these deadlines
F1-SPARSE-N1000000-M200-s101,1.0,11,10,1,0,POST_HOC diagnostic projection; no queue/WIP class at these deadlines
F1-SPARSE-N1000000-M200-s101,1.01,11,10,1,0,POST_HOC diagnostic projection; no queue/WIP class at these deadlines
F1-SPARSE-N1000000-M200-s102,1.0,11,6,5,0,POST_HOC diagnostic projection; no queue/WIP class at these deadlines
F1-SPARSE-N1000000-M200-s102,1.01,11,6,5,0,POST_HOC diagnostic projection; no queue/WIP class at these deadlines
F1-SPARSE-N1000000-M200-s103,1.0,11,6,5,0,POST_HOC diagnostic projection; no queue/WIP class at these deadlines
F1-SPARSE-N1000000-M200-s103,1.01,11,8,3,0,POST_HOC diagnostic projection; no queue/WIP class at these deadlines
F2-DENSE-N1000-M200-s101,1.0,11,9,2,0,POST_HOC diagnostic projection; no queue/WIP class at these deadlines
F2-DENSE-N1000-M200-s101,1.01,11,10,1,0,POST_HOC diagnostic projection; no queue/WIP class at these deadlines
F2-DENSE-N1000-M200-s102,1.0,11,9,2,0,POST_HOC diagnostic projection; no queue/WIP class at these deadlines
F2-DENSE-N1000-M200-s102,1.01,11,9,2,0,POST_HOC diagnostic projection; no queue/WIP class at these deadlines
F2-DENSE-N1000-M200-s103,1.0,11,9,2,0,POST_HOC diagnostic projection; no queue/WIP class at these deadlines
F2-DENSE-N1000-M200-s103,1.01,11,10,1,0,POST_HOC diagnostic projection; no queue/WIP class at these deadlines
F2-DENSE-N10000-M200-s101,1.0,11,2,9,0,POST_HOC diagnostic projection; no queue/WIP class at these deadlines
F2-DENSE-N10000-M200-s101,1.01,11,5,6,0,POST_HOC diagnostic projection; no queue/WIP class at these deadlines
F2-DENSE-N10000-M200-s102,1.0,11,4,7,0,POST_HOC diagnostic projection; no queue/WIP class at these deadlines
F2-DENSE-N10000-M200-s102,1.01,11,5,6,0,POST_HOC diagnostic projection; no queue/WIP class at these deadlines
F2-DENSE-N10000-M200-s103,1.0,11,5,6,0,POST_HOC diagnostic projection; no queue/WIP class at these deadlines
F2-DENSE-N10000-M200-s103,1.01,11,6,5,0,POST_HOC diagnostic projection; no queue/WIP class at these deadlines
F2-DENSE-N100000-M200-s101,1.0,11,1,10,0,POST_HOC diagnostic projection; no queue/WIP class at these deadlines
F2-DENSE-N100000-M200-s101,1.01,11,5,6,0,POST_HOC diagnostic projection; no queue/WIP class at these deadlines
F2-DENSE-N100000-M200-s102,1.0,11,1,10,0,POST_HOC diagnostic projection; no queue/WIP class at these deadlines
F2-DENSE-N100000-M200-s102,1.01,11,10,1,0,POST_HOC diagnostic projection; no queue/WIP class at these deadlines
F2-DENSE-N100000-M200-s103,1.0,11,1,10,0,POST_HOC diagnostic projection; no queue/WIP class at these deadlines
F2-DENSE-N100000-M200-s103,1.01,11,5,6,0,POST_HOC diagnostic projection; no queue/WIP class at these deadlines
F2-DENSE-N1000000-M200-s101,1.0,11,1,9,0,POST_HOC diagnostic projection; no queue/WIP class at these deadlines
F2-DENSE-N1000000-M200-s101,1.01,11,5,6,0,POST_HOC diagnostic projection; no queue/WIP class at these deadlines
F2-DENSE-N1000000-M200-s102,1.0,11,1,10,0,POST_HOC diagnostic projection; no queue/WIP class at these deadlines
F2-DENSE-N1000000-M200-s102,1.01,11,7,4,0,POST_HOC diagnostic projection; no queue/WIP class at these deadlines
F2-DENSE-N1000000-M200-s103,1.0,11,1,10,0,POST_HOC diagnostic projection; no queue/WIP class at these deadlines
F2-DENSE-N1000000-M200-s103,1.01,11,3,8,0,POST_HOC diagnostic projection; no queue/WIP class at these deadlines
F2-SPARSE-N1000-M200-s101,1.0,11,11,0,0,POST_HOC diagnostic projection; no queue/WIP class at these deadlines
F2-SPARSE-N1000-M200-s101,1.01,11,11,0,0,POST_HOC diagnostic projection; no queue/WIP class at these deadlines
F2-SPARSE-N1000-M200-s102,1.0,11,11,0,0,POST_HOC diagnostic projection; no queue/WIP class at these deadlines
F2-SPARSE-N1000-M200-s102,1.01,11,11,0,0,POST_HOC diagnostic projection; no queue/WIP class at these deadlines
F2-SPARSE-N1000-M200-s103,1.0,11,10,1,0,POST_HOC diagnostic projection; no queue/WIP class at these deadlines
F2-SPARSE-N1000-M200-s103,1.01,11,10,1,0,POST_HOC diagnostic projection; no queue/WIP class at these deadlines
F2-SPARSE-N10000-M200-s101,1.0,11,4,7,0,POST_HOC diagnostic projection; no queue/WIP class at these deadlines
F2-SPARSE-N10000-M200-s101,1.01,11,6,5,0,POST_HOC diagnostic projection; no queue/WIP class at these deadlines
F2-SPARSE-N10000-M200-s102,1.0,11,3,8,0,POST_HOC diagnostic projection; no queue/WIP class at these deadlines
F2-SPARSE-N10000-M200-s102,1.01,11,6,5,0,POST_HOC diagnostic projection; no queue/WIP class at these deadlines
F2-SPARSE-N10000-M200-s103,1.0,11,4,7,0,POST_HOC diagnostic projection; no queue/WIP class at these deadlines
F2-SPARSE-N10000-M200-s103,1.01,11,5,6,0,POST_HOC diagnostic projection; no queue/WIP class at these deadlines
F2-SPARSE-N100000-M200-s101,1.0,11,3,8,0,POST_HOC diagnostic projection; no queue/WIP class at these deadlines
F2-SPARSE-N100000-M200-s101,1.01,11,6,5,0,POST_HOC diagnostic projection; no queue/WIP class at these deadlines
F2-SPARSE-N100000-M200-s102,1.0,11,5,6,0,POST_HOC diagnostic projection; no queue/WIP class at these deadlines
F2-SPARSE-N100000-M200-s102,1.01,11,6,5,0,POST_HOC diagnostic projection; no queue/WIP class at these deadlines
F2-SPARSE-N100000-M200-s103,1.0,11,6,5,0,POST_HOC diagnostic projection; no queue/WIP class at these deadlines
F2-SPARSE-N100000-M200-s103,1.01,11,7,4,0,POST_HOC diagnostic projection; no queue/WIP class at these deadlines
F2-SPARSE-N1000000-M200-s101,1.0,11,7,4,0,POST_HOC diagnostic projection; no queue/WIP class at these deadlines
F2-SPARSE-N1000000-M200-s101,1.01,11,7,4,0,POST_HOC diagnostic projection; no queue/WIP class at these deadlines
F2-SPARSE-N1000000-M200-s102,1.0,11,6,5,0,POST_HOC diagnostic projection; no queue/WIP class at these deadlines
F2-SPARSE-N1000000-M200-s102,1.01,11,6,5,0,POST_HOC diagnostic projection; no queue/WIP class at these deadlines
F2-SPARSE-N1000000-M200-s103,1.0,11,4,7,0,POST_HOC diagnostic projection; no queue/WIP class at these deadlines
F2-SPARSE-N1000000-M200-s103,1.01,11,5,6,0,POST_HOC diagnostic projection; no queue/WIP class at these deadlines
