dataset_id,engine,K,label,status,completion_validated,scenarios_completed,validated_prefix_scenarios,T_total_s,T_batch_s,prefix_K100_batch_s,T_total_lower_bound_s,process_wall_observed_s,rss_peak_bytes,cpu_s,input_sha256,scenarios_sha256,commit,run_id
F3-DENSE-N1000-M200-s101,tsfg,10,screen,OK,True,10,10,0.20088208300001043,0.198667704,,,0.20088208300001043,34246656,0.197339,9ced0d06166cf44993759491ecf64e0d4a05898cb74befcd58c649283817fe7e,db790f56d6acc91ada9acb0ed1b2cc1cd9fa2ce1c2af273630c5ad90d95d2060,f2606d1cfc14b6d081814d3c4d98fac876ec0bd4,36247446499
F3-DENSE-N1000-M200-s101,des,10,screen,OK,True,10,10,0.015090783999994528,0.012975207,,,0.015090783999994528,34639872,0.0118,9ced0d06166cf44993759491ecf64e0d4a05898cb74befcd58c649283817fe7e,db790f56d6acc91ada9acb0ed1b2cc1cd9fa2ce1c2af273630c5ad90d95d2060,f2606d1cfc14b6d081814d3c4d98fac876ec0bd4,36247446499
F3-DENSE-N1000-M200-s101,dag,10,screen,OK,True,10,10,0.008219366000020045,0.005903896,,,0.008219366000020045,34639872,0.005377999999999999,9ced0d06166cf44993759491ecf64e0d4a05898cb74befcd58c649283817fe7e,db790f56d6acc91ada9acb0ed1b2cc1cd9fa2ce1c2af273630c5ad90d95d2060,f2606d1cfc14b6d081814d3c4d98fac876ec0bd4,36247446499
F3-DENSE-N1000-M200-s102,tsfg,10,screen,OK,True,10,10,0.25239047200000186,0.249938513,,,0.25239047200000186,34443264,0.25103499999999995,3eb1e4a9096f892118c2ea9417e96f515df1e221f310111fda0b5ca741e0170f,502c0f2ede26b5ede48b6c34d13f009ee778e45101f0a41308c8f7858272a0a0,f2606d1cfc14b6d081814d3c4d98fac876ec0bd4,36247446499
F3-DENSE-N1000-M200-s102,des,10,screen,OK,True,10,10,0.012702735999994275,0.010400707,,,0.012702735999994275,34836480,0.011677,3eb1e4a9096f892118c2ea9417e96f515df1e221f310111fda0b5ca741e0170f,502c0f2ede26b5ede48b6c34d13f009ee778e45101f0a41308c8f7858272a0a0,f2606d1cfc14b6d081814d3c4d98fac876ec0bd4,36247446499
F3-DENSE-N1000-M200-s102,dag,10,screen,OK,True,10,10,0.00710428400000751,0.004628311,,,0.00710428400000751,34836480,0.006234,3eb1e4a9096f892118c2ea9417e96f515df1e221f310111fda0b5ca741e0170f,502c0f2ede26b5ede48b6c34d13f009ee778e45101f0a41308c8f7858272a0a0,f2606d1cfc14b6d081814d3c4d98fac876ec0bd4,36247446499
F3-DENSE-N1000-M200-s103,tsfg,10,screen,OK,True,10,10,0.13725754400002188,0.135491247,,,0.13725754400002188,34480128,0.13586,7557787764c05ab8097cdec7e527b2b27b45123dfa7a92b16244f071fc698002,c13a1aecc1817a14c194e4e2d71f524eec7b8763b936c07b77245c25ed003ebb,f2606d1cfc14b6d081814d3c4d98fac876ec0bd4,36247446499
F3-DENSE-N1000-M200-s103,des,10,screen,OK,True,10,10,0.009326849999979459,0.007183978,,,0.009326849999979459,34873344,0.007997,7557787764c05ab8097cdec7e527b2b27b45123dfa7a92b16244f071fc698002,c13a1aecc1817a14c194e4e2d71f524eec7b8763b936c07b77245c25ed003ebb,f2606d1cfc14b6d081814d3c4d98fac876ec0bd4,36247446499
F3-DENSE-N1000-M200-s103,dag,10,screen,OK,True,10,10,0.004963408999969943,0.003254799,,,0.004963408999969943,34873344,0.0037619999999999997,7557787764c05ab8097cdec7e527b2b27b45123dfa7a92b16244f071fc698002,c13a1aecc1817a14c194e4e2d71f524eec7b8763b936c07b77245c25ed003ebb,f2606d1cfc14b6d081814d3c4d98fac876ec0bd4,36247446499
F3-DENSE-N10000-M200-s101,tsfg,10,screen,OK,True,10,10,1.2427325929999995,1.237193119,,,1.2427325929999995,35794944,1.241577,797e92bff7941617eb42356642a63893ab7ef61da6a2ced2890832956d5594f5,93ad677a6faab36865fdacea1aaa0f82f28da6d6d3a195dbd3270398ea017020,f2606d1cfc14b6d081814d3c4d98fac876ec0bd4,36247446499
F3-DENSE-N10000-M200-s101,des,10,screen,OK,True,10,10,0.10138099799999623,0.0948444,,,0.10138099799999623,38060032,0.099877,797e92bff7941617eb42356642a63893ab7ef61da6a2ced2890832956d5594f5,93ad677a6faab36865fdacea1aaa0f82f28da6d6d3a195dbd3270398ea017020,f2606d1cfc14b6d081814d3c4d98fac876ec0bd4,36247446499
F3-DENSE-N10000-M200-s101,dag,10,screen,OK,True,10,10,0.03939205699998638,0.029525471,,,0.03939205699998638,38088704,0.038574,797e92bff7941617eb42356642a63893ab7ef61da6a2ced2890832956d5594f5,93ad677a6faab36865fdacea1aaa0f82f28da6d6d3a195dbd3270398ea017020,f2606d1cfc14b6d081814d3c4d98fac876ec0bd4,36247446499
F3-DENSE-N10000-M200-s102,tsfg,10,screen,OK,True,10,10,0.9067608320000033,0.902369987,,,0.9067608320000033,35815424,0.904938,eb1bb32ccfcd7214d197c6ab420eef2683a0f2560424deade45d2548941f7b8d,4e82ab3179461d5e7f5338b0163b71fbbb9a3ace654ce9528b92f08ccc818f20,f2606d1cfc14b6d081814d3c4d98fac876ec0bd4,36247446499
F3-DENSE-N10000-M200-s102,des,10,screen,OK,True,10,10,0.08267537500000799,0.076629361,,,0.08267537500000799,37994496,0.081355,eb1bb32ccfcd7214d197c6ab420eef2683a0f2560424deade45d2548941f7b8d,4e82ab3179461d5e7f5338b0163b71fbbb9a3ace654ce9528b92f08ccc818f20,f2606d1cfc14b6d081814d3c4d98fac876ec0bd4,36247446499
F3-DENSE-N10000-M200-s102,dag,10,screen,OK,True,10,10,0.033098494000000755,0.024367442,,,0.033098494000000755,38649856,0.031748,eb1bb32ccfcd7214d197c6ab420eef2683a0f2560424deade45d2548941f7b8d,4e82ab3179461d5e7f5338b0163b71fbbb9a3ace654ce9528b92f08ccc818f20,f2606d1cfc14b6d081814d3c4d98fac876ec0bd4,36247446499
F3-DENSE-N10000-M200-s103,tsfg,10,screen,OK,True,10,10,1.232251980000001,1.226631167,,,1.232251980000001,35840000,1.230754,af23a66ca77333cdb9a41a4735eb7731972abb45ee786920ed2c2fbe3463c5ba,51cb079934416a4c81b9ee514c9136ef6a831e328040a5a10fdd60b3647f53e8,f2606d1cfc14b6d081814d3c4d98fac876ec0bd4,36247446499
F3-DENSE-N10000-M200-s103,des,10,screen,OK,True,10,10,0.1061863550000055,0.099267792,,,0.1061863550000055,38092800,0.105223,af23a66ca77333cdb9a41a4735eb7731972abb45ee786920ed2c2fbe3463c5ba,51cb079934416a4c81b9ee514c9136ef6a831e328040a5a10fdd60b3647f53e8,f2606d1cfc14b6d081814d3c4d98fac876ec0bd4,36247446499
F3-DENSE-N10000-M200-s103,dag,10,screen,OK,True,10,10,0.04072754699998882,0.030696489,,,0.04072754699998882,38309888,0.039809,af23a66ca77333cdb9a41a4735eb7731972abb45ee786920ed2c2fbe3463c5ba,51cb079934416a4c81b9ee514c9136ef6a831e328040a5a10fdd60b3647f53e8,f2606d1cfc14b6d081814d3c4d98fac876ec0bd4,36247446499
F3-DENSE-N100000-M200-s101,tsfg,10,screen,OK,True,10,10,10.728939479000019,10.694843168,,,10.728939479000019,56885248,10.725464,0a8150d49d96f916fee8f76ce1d6ad72768e4efc618953f79c373feb341f453c,67fe2f8954dbae3a75217383f2ea9dcfe36443e5ca9446f72443aaa18d6ccb1e,f2606d1cfc14b6d081814d3c4d98fac876ec0bd4,36247446499
F3-DENSE-N100000-M200-s101,des,10,screen,OK,True,10,10,1.2345499080000195,1.189820038,,,1.2345499080000195,72192000,1.2333610000000002,0a8150d49d96f916fee8f76ce1d6ad72768e4efc618953f79c373feb341f453c,67fe2f8954dbae3a75217383f2ea9dcfe36443e5ca9446f72443aaa18d6ccb1e,f2606d1cfc14b6d081814d3c4d98fac876ec0bd4,36247446499
F3-DENSE-N100000-M200-s101,dag,10,screen,OK,True,10,10,0.3916896029999748,0.308281683,,,0.3916896029999748,72482816,0.388235,0a8150d49d96f916fee8f76ce1d6ad72768e4efc618953f79c373feb341f453c,67fe2f8954dbae3a75217383f2ea9dcfe36443e5ca9446f72443aaa18d6ccb1e,f2606d1cfc14b6d081814d3c4d98fac876ec0bd4,36247446499
F3-DENSE-N100000-M200-s102,tsfg,10,screen,OK,True,10,10,10.062640627000007,10.026652811,,,10.062640627000007,58642432,10.058119999999999,f6dc3e1bcbdfdbf601cd01b6a59ea9452891acec6aca1178973535ba1356feaf,a5abb81613d913dca55f715b929ef6d6d8e0ac6db3736fbd673f5d28a2833057,f2606d1cfc14b6d081814d3c4d98fac876ec0bd4,36247446499
F3-DENSE-N100000-M200-s102,des,10,screen,OK,True,10,10,1.4478274559999988,1.390157626,,,1.4478274559999988,72347648,1.4464000000000001,f6dc3e1bcbdfdbf601cd01b6a59ea9452891acec6aca1178973535ba1356feaf,a5abb81613d913dca55f715b929ef6d6d8e0ac6db3736fbd673f5d28a2833057,f2606d1cfc14b6d081814d3c4d98fac876ec0bd4,36247446499
F3-DENSE-N100000-M200-s102,dag,10,screen,OK,True,10,10,0.4274901330000205,0.319231347,,,0.4274901330000205,77680640,0.42633499999999996,f6dc3e1bcbdfdbf601cd01b6a59ea9452891acec6aca1178973535ba1356feaf,a5abb81613d913dca55f715b929ef6d6d8e0ac6db3736fbd673f5d28a2833057,f2606d1cfc14b6d081814d3c4d98fac876ec0bd4,36247446499
F3-DENSE-N100000-M200-s103,tsfg,10,screen,OK,True,10,10,8.04568239199999,8.01733611,,,8.04568239199999,61956096,8.042662,d2e0868c38829520d52162fa0695f99cb0f7a6929d3939d861fa109147d64d4d,aecbab8a151bd034a251f82530bdffcb9fe71ae5041bc194e081da5fd16b8653,f2606d1cfc14b6d081814d3c4d98fac876ec0bd4,36247446499
F3-DENSE-N100000-M200-s103,des,10,screen,OK,True,10,10,1.0345657560000063,0.994889814,,,1.0345657560000063,72167424,1.032943,d2e0868c38829520d52162fa0695f99cb0f7a6929d3939d861fa109147d64d4d,aecbab8a151bd034a251f82530bdffcb9fe71ae5041bc194e081da5fd16b8653,f2606d1cfc14b6d081814d3c4d98fac876ec0bd4,36247446499
F3-DENSE-N100000-M200-s103,dag,10,screen,OK,True,10,10,0.3882397479999895,0.309234045,,,0.3882397479999895,75628544,0.33204399999999995,d2e0868c38829520d52162fa0695f99cb0f7a6929d3939d861fa109147d64d4d,aecbab8a151bd034a251f82530bdffcb9fe71ae5041bc194e081da5fd16b8653,f2606d1cfc14b6d081814d3c4d98fac876ec0bd4,36247446499
F3-DENSE-N1000000-M200-s101,tsfg,10,screen,OK,True,10,10,109.639543151,109.341126891,,,109.639543151,465670144,109.57847699999999,9e93500b64988b828639a90bc98c8776788e34ec538dff6439051b048fd5f2ee,79e52ffc4ce3674ef6aa564c440da22b1caaa4086e932534813538a45b91847d,f2606d1cfc14b6d081814d3c4d98fac876ec0bd4,36247446499
F3-DENSE-N1000000-M200-s101,des,10,screen,OK,True,10,10,17.985106965,17.48750674,,,17.985106965,423190528,17.978017,9e93500b64988b828639a90bc98c8776788e34ec538dff6439051b048fd5f2ee,79e52ffc4ce3674ef6aa564c440da22b1caaa4086e932534813538a45b91847d,f2606d1cfc14b6d081814d3c4d98fac876ec0bd4,36247446499
F3-DENSE-N1000000-M200-s101,dag,10,screen,OK,True,10,10,4.709679018000031,3.384749987,,,4.709679018000031,431271936,4.706878,9e93500b64988b828639a90bc98c8776788e34ec538dff6439051b048fd5f2ee,79e52ffc4ce3674ef6aa564c440da22b1caaa4086e932534813538a45b91847d,f2606d1cfc14b6d081814d3c4d98fac876ec0bd4,36247446499
F3-DENSE-N1000000-M200-s102,tsfg,10,screen,OK,True,10,10,100.12292540000001,99.829116858,,,100.12292540000001,469041152,100.09995,1edcb12ac3159e558d6d2704907712c376229f84c17378c0a839ec67a3b90721,ff993aaaf3a1bf5cf14aac2dc1e9fb6bc5759a9d5108ac6112b946c17b46745e,f2606d1cfc14b6d081814d3c4d98fac876ec0bd4,36247446499
F3-DENSE-N1000000-M200-s102,des,10,screen,OK,True,10,10,18.96033319000003,18.415727708,,,18.96033319000003,422526976,18.953743,1edcb12ac3159e558d6d2704907712c376229f84c17378c0a839ec67a3b90721,ff993aaaf3a1bf5cf14aac2dc1e9fb6bc5759a9d5108ac6112b946c17b46745e,f2606d1cfc14b6d081814d3c4d98fac876ec0bd4,36247446499
F3-DENSE-N1000000-M200-s102,dag,10,screen,OK,True,10,10,4.862544990999993,3.519163028,,,4.862544990999993,425193472,4.860367999999999,1edcb12ac3159e558d6d2704907712c376229f84c17378c0a839ec67a3b90721,ff993aaaf3a1bf5cf14aac2dc1e9fb6bc5759a9d5108ac6112b946c17b46745e,f2606d1cfc14b6d081814d3c4d98fac876ec0bd4,36247446499
F3-DENSE-N1000000-M200-s103,tsfg,10,screen,OK,True,10,10,77.06771034200003,76.833030823,,,77.06771034200003,466030592,77.048839,fd4a760fee728b5e1d3dad5bb71a26168205b8cdad5fb6dc98459761d3d39a45,cd2f4b05f83902e25aebbb89735f4954c6a05059a5e8a4a28b4fb5a31129afb8,f2606d1cfc14b6d081814d3c4d98fac876ec0bd4,36247446499
F3-DENSE-N1000000-M200-s103,des,10,screen,OK,True,10,10,14.774124849999993,14.346252117,,,14.774124849999993,415428608,14.767937,fd4a760fee728b5e1d3dad5bb71a26168205b8cdad5fb6dc98459761d3d39a45,cd2f4b05f83902e25aebbb89735f4954c6a05059a5e8a4a28b4fb5a31129afb8,f2606d1cfc14b6d081814d3c4d98fac876ec0bd4,36247446499
F3-DENSE-N1000000-M200-s103,dag,10,screen,OK,True,10,10,3.957306726000013,2.804357504,,,3.957306726000013,415916032,3.954862,fd4a760fee728b5e1d3dad5bb71a26168205b8cdad5fb6dc98459761d3d39a45,cd2f4b05f83902e25aebbb89735f4954c6a05059a5e8a4a28b4fb5a31129afb8,f2606d1cfc14b6d081814d3c4d98fac876ec0bd4,36247446499
F1-BURST-N1000-M200-s101,tsfg,10,screen,OK,True,10,10,2.003845865999992,2.001551326,,,2.003845865999992,34422784,2.002169,d85fa5489a25a3a1507fc6b3418798be011af506f7396c83f797838b10d076a4,d47852646b3eb63c1f35a9c8ed7394802e466eb9393e2d7d7a8c1fa204ee95ec,f2606d1cfc14b6d081814d3c4d98fac876ec0bd4,36247446499
F1-BURST-N1000-M200-s101,des,10,screen,OK,True,10,10,0.012442476999993346,0.010113553,,,0.012442476999993346,34684928,0.011635,d85fa5489a25a3a1507fc6b3418798be011af506f7396c83f797838b10d076a4,d47852646b3eb63c1f35a9c8ed7394802e466eb9393e2d7d7a8c1fa204ee95ec,f2606d1cfc14b6d081814d3c4d98fac876ec0bd4,36247446499
F1-BURST-N1000-M200-s101,dag,10,screen,OK,True,10,10,0.006787779999996246,0.004456642,,,0.006787779999996246,34684928,0.006121,d85fa5489a25a3a1507fc6b3418798be011af506f7396c83f797838b10d076a4,d47852646b3eb63c1f35a9c8ed7394802e466eb9393e2d7d7a8c1fa204ee95ec,f2606d1cfc14b6d081814d3c4d98fac876ec0bd4,36247446499
F1-BURST-N1000-M200-s102,tsfg,10,screen,OK,True,10,10,1.7110224059999837,1.708761521,,,1.7110224059999837,34521088,1.7095690000000001,d85fa5489a25a3a1507fc6b3418798be011af506f7396c83f797838b10d076a4,251db643eda288d90b6a180c7a96ad4803ea229f6e777bf0085015b406d3d0f7,f2606d1cfc14b6d081814d3c4d98fac876ec0bd4,36247446499
F1-BURST-N1000-M200-s102,des,10,screen,OK,True,10,10,0.011218847999998616,0.009357105,,,0.011218847999998616,34783232,0.010411,d85fa5489a25a3a1507fc6b3418798be011af506f7396c83f797838b10d076a4,251db643eda288d90b6a180c7a96ad4803ea229f6e777bf0085015b406d3d0f7,f2606d1cfc14b6d081814d3c4d98fac876ec0bd4,36247446499
F1-BURST-N1000-M200-s102,dag,10,screen,OK,True,10,10,0.00643304500002273,0.004392626,,,0.00643304500002273,34783232,0.005044,d85fa5489a25a3a1507fc6b3418798be011af506f7396c83f797838b10d076a4,251db643eda288d90b6a180c7a96ad4803ea229f6e777bf0085015b406d3d0f7,f2606d1cfc14b6d081814d3c4d98fac876ec0bd4,36247446499
F1-BURST-N1000-M200-s103,tsfg,10,screen,OK,True,10,10,1.9816251350000016,1.9793306240000001,,,1.9816251350000016,34394112,1.9791809999999999,d85fa5489a25a3a1507fc6b3418798be011af506f7396c83f797838b10d076a4,3052f7a0178e5880b3cfdbd43bd5ae2376582c27eb9427e28b9e8b4189793ce8,f2606d1cfc14b6d081814d3c4d98fac876ec0bd4,36247446499
F1-BURST-N1000-M200-s103,des,10,screen,OK,True,10,10,0.019314940000001002,0.01707424,,,0.019314940000001002,34656256,0.011594,d85fa5489a25a3a1507fc6b3418798be011af506f7396c83f797838b10d076a4,3052f7a0178e5880b3cfdbd43bd5ae2376582c27eb9427e28b9e8b4189793ce8,f2606d1cfc14b6d081814d3c4d98fac876ec0bd4,36247446499
F1-BURST-N1000-M200-s103,dag,10,screen,OK,True,10,10,0.0068572509999995646,0.004562411,,,0.0068572509999995646,34656256,0.00601,d85fa5489a25a3a1507fc6b3418798be011af506f7396c83f797838b10d076a4,3052f7a0178e5880b3cfdbd43bd5ae2376582c27eb9427e28b9e8b4189793ce8,f2606d1cfc14b6d081814d3c4d98fac876ec0bd4,36247446499
F1-BURST-N10000-M200-s101,tsfg,10,screen,OK,True,10,10,7.383931513999983,7.377592256,,,7.383931513999983,35631104,7.380689,17a124c8ca68e6286ff8644bd2206e7134b33bc27614988738c141e7af9a4dc9,34fa435dfbb69a5f9d170ca416ba6097bcc97d582a487ee6874ee71e09119c2e,f2606d1cfc14b6d081814d3c4d98fac876ec0bd4,36247446499
F1-BURST-N10000-M200-s101,des,10,screen,OK,True,10,10,0.09710539200000312,0.089533789,,,0.09710539200000312,37801984,0.096127,17a124c8ca68e6286ff8644bd2206e7134b33bc27614988738c141e7af9a4dc9,34fa435dfbb69a5f9d170ca416ba6097bcc97d582a487ee6874ee71e09119c2e,f2606d1cfc14b6d081814d3c4d98fac876ec0bd4,36247446499
F1-BURST-N10000-M200-s101,dag,10,screen,OK,True,10,10,0.03944019299999013,0.029274053,,,0.03944019299999013,37801984,0.0385,17a124c8ca68e6286ff8644bd2206e7134b33bc27614988738c141e7af9a4dc9,34fa435dfbb69a5f9d170ca416ba6097bcc97d582a487ee6874ee71e09119c2e,f2606d1cfc14b6d081814d3c4d98fac876ec0bd4,36247446499
F1-BURST-N10000-M200-s102,tsfg,10,screen,OK,True,10,10,7.653168148999981,7.647881085,,,7.653168148999981,35713024,7.647708000000001,17a124c8ca68e6286ff8644bd2206e7134b33bc27614988738c141e7af9a4dc9,513e9a31e4da68d99e534e6dfc1fc1b40ae6a828d6fba5939f1ec5067b13cd90,f2606d1cfc14b6d081814d3c4d98fac876ec0bd4,36247446499
F1-BURST-N10000-M200-s102,des,10,screen,OK,True,10,10,0.09210149000000456,0.085723016,,,0.09210149000000456,37879808,0.091179,17a124c8ca68e6286ff8644bd2206e7134b33bc27614988738c141e7af9a4dc9,513e9a31e4da68d99e534e6dfc1fc1b40ae6a828d6fba5939f1ec5067b13cd90,f2606d1cfc14b6d081814d3c4d98fac876ec0bd4,36247446499
F1-BURST-N10000-M200-s102,dag,10,screen,OK,True,10,10,0.03856527299998902,0.029748844,,,0.03856527299998902,37879808,0.036377,17a124c8ca68e6286ff8644bd2206e7134b33bc27614988738c141e7af9a4dc9,513e9a31e4da68d99e534e6dfc1fc1b40ae6a828d6fba5939f1ec5067b13cd90,f2606d1cfc14b6d081814d3c4d98fac876ec0bd4,36247446499
F1-BURST-N10000-M200-s103,tsfg,10,screen,OK,True,10,10,7.726820667999959,7.721481743,,,7.726820667999959,35647488,7.724415,17a124c8ca68e6286ff8644bd2206e7134b33bc27614988738c141e7af9a4dc9,4aaefbd695919cffa7b03f74580b797057b7a32a6660011a1c40ef1488915a78,f2606d1cfc14b6d081814d3c4d98fac876ec0bd4,36247446499
F1-BURST-N10000-M200-s103,des,10,screen,OK,True,10,10,0.09307371099998818,0.086649372,,,0.09307371099998818,37867520,0.090935,17a124c8ca68e6286ff8644bd2206e7134b33bc27614988738c141e7af9a4dc9,4aaefbd695919cffa7b03f74580b797057b7a32a6660011a1c40ef1488915a78,f2606d1cfc14b6d081814d3c4d98fac876ec0bd4,36247446499
F1-BURST-N10000-M200-s103,dag,10,screen,OK,True,10,10,0.03707765100000415,0.028324862,,,0.03707765100000415,37867520,0.036276,17a124c8ca68e6286ff8644bd2206e7134b33bc27614988738c141e7af9a4dc9,4aaefbd695919cffa7b03f74580b797057b7a32a6660011a1c40ef1488915a78,f2606d1cfc14b6d081814d3c4d98fac876ec0bd4,36247446499
F1-BURST-N100000-M200-s101,tsfg,10,screen,OK,True,10,10,48.07816393300001,48.045412992,,,48.07816393300001,58556416,48.068864,0a624d65f9e136833e296a5dce99f6cecaec486245d50f65563bf8f782d3ae72,c29f9ef0755fc6db68a4b8e0a32fdc4d051fe939947260d50a7f56b32c9d6810,f2606d1cfc14b6d081814d3c4d98fac876ec0bd4,36247446499
F1-BURST-N100000-M200-s101,des,10,screen,OK,True,10,10,1.134134869999997,1.092188074,,,1.134134869999997,71995392,1.128466,0a624d65f9e136833e296a5dce99f6cecaec486245d50f65563bf8f782d3ae72,c29f9ef0755fc6db68a4b8e0a32fdc4d051fe939947260d50a7f56b32c9d6810,f2606d1cfc14b6d081814d3c4d98fac876ec0bd4,36247446499
F1-BURST-N100000-M200-s101,dag,10,screen,OK,True,10,10,0.3270696300000111,0.257787604,,,0.3270696300000111,72298496,0.320784,0a624d65f9e136833e296a5dce99f6cecaec486245d50f65563bf8f782d3ae72,c29f9ef0755fc6db68a4b8e0a32fdc4d051fe939947260d50a7f56b32c9d6810,f2606d1cfc14b6d081814d3c4d98fac876ec0bd4,36247446499
F1-BURST-N100000-M200-s102,tsfg,10,screen,OK,True,10,10,36.157307231999994,36.134026485,,,36.157307231999994,60489728,36.141451999999994,0a624d65f9e136833e296a5dce99f6cecaec486245d50f65563bf8f782d3ae72,f4a2ebd140fc575d9787386a73061f26b09a72da915d2a9bce1c1601fdc07e38,f2606d1cfc14b6d081814d3c4d98fac876ec0bd4,36247446499
F1-BURST-N100000-M200-s102,des,10,screen,OK,True,10,10,1.0167073380000033,0.982258025,,,1.0167073380000033,71962624,0.9140539999999999,0a624d65f9e136833e296a5dce99f6cecaec486245d50f65563bf8f782d3ae72,f4a2ebd140fc575d9787386a73061f26b09a72da915d2a9bce1c1601fdc07e38,f2606d1cfc14b6d081814d3c4d98fac876ec0bd4,36247446499
F1-BURST-N100000-M200-s102,dag,10,screen,OK,True,10,10,0.4699285979999672,0.413404706,,,0.4699285979999672,72110080,0.23720399999999997,0a624d65f9e136833e296a5dce99f6cecaec486245d50f65563bf8f782d3ae72,f4a2ebd140fc575d9787386a73061f26b09a72da915d2a9bce1c1601fdc07e38,f2606d1cfc14b6d081814d3c4d98fac876ec0bd4,36247446499
F1-BURST-N100000-M200-s103,tsfg,10,screen,OK,True,10,10,33.327151474999994,33.30498541,,,33.327151474999994,75403264,33.318625,0a624d65f9e136833e296a5dce99f6cecaec486245d50f65563bf8f782d3ae72,4d1f84ce8393d93555d35382d1d7a3ccabb187cf8b258c08696d1944ba791bb1,f2606d1cfc14b6d081814d3c4d98fac876ec0bd4,36247446499
F1-BURST-N100000-M200-s103,des,10,screen,OK,True,10,10,0.6305916169999932,0.604751847,,,0.6305916169999932,72724480,0.6101650000000001,0a624d65f9e136833e296a5dce99f6cecaec486245d50f65563bf8f782d3ae72,4d1f84ce8393d93555d35382d1d7a3ccabb187cf8b258c08696d1944ba791bb1,f2606d1cfc14b6d081814d3c4d98fac876ec0bd4,36247446499
F1-BURST-N100000-M200-s103,dag,10,screen,OK,True,10,10,0.18990119299996877,0.14692712,,,0.18990119299996877,72925184,0.18672499999999997,0a624d65f9e136833e296a5dce99f6cecaec486245d50f65563bf8f782d3ae72,4d1f84ce8393d93555d35382d1d7a3ccabb187cf8b258c08696d1944ba791bb1,f2606d1cfc14b6d081814d3c4d98fac876ec0bd4,36247446499
F1-BURST-N1000000-M200-s101,tsfg,10,screen,TIMEOUT,False,8,8,,,,300,300.102469156,474767360,299.954409,9707632f98934c9ffa831e7c5311d4ab461babd151a1b1a1d56ab43f1b5f6962,db11eeb1e62ba3523a9c0e314f5122923085db52e3fc7ac64b76316614835f79,f2606d1cfc14b6d081814d3c4d98fac876ec0bd4,36247446499
F1-BURST-N1000000-M200-s101,des,10,screen,OK,True,10,10,13.561047748999954,13.258431176,,,13.561047748999954,436350976,13.52995,9707632f98934c9ffa831e7c5311d4ab461babd151a1b1a1d56ab43f1b5f6962,db11eeb1e62ba3523a9c0e314f5122923085db52e3fc7ac64b76316614835f79,f2606d1cfc14b6d081814d3c4d98fac876ec0bd4,36247446499
F1-BURST-N1000000-M200-s101,dag,10,screen,OK,True,10,10,2.938471134999986,2.348263455,,,2.938471134999986,436350976,2.935365,9707632f98934c9ffa831e7c5311d4ab461babd151a1b1a1d56ab43f1b5f6962,db11eeb1e62ba3523a9c0e314f5122923085db52e3fc7ac64b76316614835f79,f2606d1cfc14b6d081814d3c4d98fac876ec0bd4,36247446499
F1-BURST-N1000000-M200-s102,tsfg,10,screen,TIMEOUT,False,4,4,,,,300,300.10219391499993,475955200,299.984194,9707632f98934c9ffa831e7c5311d4ab461babd151a1b1a1d56ab43f1b5f6962,51a333f686871bccf854972354a078a7d8fc62ed1fd2fc07ff2af2d9fd184f33,f2606d1cfc14b6d081814d3c4d98fac876ec0bd4,36247446499
F1-BURST-N1000000-M200-s102,des,10,screen,OK,True,10,10,12.641801705000034,12.2560813,,,12.641801705000034,411152384,12.63425,9707632f98934c9ffa831e7c5311d4ab461babd151a1b1a1d56ab43f1b5f6962,51a333f686871bccf854972354a078a7d8fc62ed1fd2fc07ff2af2d9fd184f33,f2606d1cfc14b6d081814d3c4d98fac876ec0bd4,36247446499
F1-BURST-N1000000-M200-s102,dag,10,screen,OK,True,10,10,3.4465085480001107,2.788886107,,,3.4465085480001107,421195776,3.442494,9707632f98934c9ffa831e7c5311d4ab461babd151a1b1a1d56ab43f1b5f6962,51a333f686871bccf854972354a078a7d8fc62ed1fd2fc07ff2af2d9fd184f33,f2606d1cfc14b6d081814d3c4d98fac876ec0bd4,36247446499
F1-BURST-N1000000-M200-s103,tsfg,10,screen,TIMEOUT,False,4,4,,,,300,300.1034821820001,456400896,300.05168,9707632f98934c9ffa831e7c5311d4ab461babd151a1b1a1d56ab43f1b5f6962,bb3d7b88a9ba2c621a949a3f68bb716f8149f7539e5d3f41d04e3eaa8d0d90d4,f2606d1cfc14b6d081814d3c4d98fac876ec0bd4,36247446499
F1-BURST-N1000000-M200-s103,des,10,screen,OK,True,10,10,13.730271523000056,13.342889583,,,13.730271523000056,412684288,13.724948,9707632f98934c9ffa831e7c5311d4ab461babd151a1b1a1d56ab43f1b5f6962,bb3d7b88a9ba2c621a949a3f68bb716f8149f7539e5d3f41d04e3eaa8d0d90d4,f2606d1cfc14b6d081814d3c4d98fac876ec0bd4,36247446499
F1-BURST-N1000000-M200-s103,dag,10,screen,OK,True,10,10,3.344967088999965,2.694850245,,,3.344967088999965,419753984,3.343327,9707632f98934c9ffa831e7c5311d4ab461babd151a1b1a1d56ab43f1b5f6962,bb3d7b88a9ba2c621a949a3f68bb716f8149f7539e5d3f41d04e3eaa8d0d90d4,f2606d1cfc14b6d081814d3c4d98fac876ec0bd4,36247446499
F2-BURST-N1000-M200-s101,tsfg,10,screen,OK,True,10,10,1.7465772179999988,1.743765827,,,1.7465772179999988,34545664,1.7450109999999999,dea3b327a6aea80413cd772276b848144ef0caeabc2051f28a3ba620bf4e28f3,e2b15787d5bf218c55bee722f49c2f23637dbd4dbdbe04d529677bd37aec19cd,f2606d1cfc14b6d081814d3c4d98fac876ec0bd4,36247446499
F2-BURST-N1000-M200-s101,des,10,screen,OK,True,10,10,0.012963879000011502,0.010529911,,,0.012963879000011502,34545664,0.011936999999999998,dea3b327a6aea80413cd772276b848144ef0caeabc2051f28a3ba620bf4e28f3,e2b15787d5bf218c55bee722f49c2f23637dbd4dbdbe04d529677bd37aec19cd,f2606d1cfc14b6d081814d3c4d98fac876ec0bd4,36247446499
F2-BURST-N1000-M200-s101,dag,10,screen,OK,True,10,10,0.007358558000021276,0.00476823,,,0.007358558000021276,34545664,0.0065699999999999995,dea3b327a6aea80413cd772276b848144ef0caeabc2051f28a3ba620bf4e28f3,e2b15787d5bf218c55bee722f49c2f23637dbd4dbdbe04d529677bd37aec19cd,f2606d1cfc14b6d081814d3c4d98fac876ec0bd4,36247446499
F2-BURST-N1000-M200-s102,tsfg,10,screen,OK,True,10,10,1.7608891510000007,1.758597991,,,1.7608891510000007,34590720,1.75953,1f20093e73d31699517c8a89f8f493a28de6f2db23e4897b97c3134da72f51b8,587affc49bc0ac8f084bf0509a7fb7840e6e1ab38d61d14d7ab2fcdaa4978248,f2606d1cfc14b6d081814d3c4d98fac876ec0bd4,36247446499
F2-BURST-N1000-M200-s102,des,10,screen,OK,True,10,10,0.01246878900001036,0.010173332,,,0.01246878900001036,34590720,0.011656999999999999,1f20093e73d31699517c8a89f8f493a28de6f2db23e4897b97c3134da72f51b8,587affc49bc0ac8f084bf0509a7fb7840e6e1ab38d61d14d7ab2fcdaa4978248,f2606d1cfc14b6d081814d3c4d98fac876ec0bd4,36247446499
F2-BURST-N1000-M200-s102,dag,10,screen,OK,True,10,10,0.0068993359999893755,0.004578201,,,0.0068993359999893755,34590720,0.0062369999999999995,1f20093e73d31699517c8a89f8f493a28de6f2db23e4897b97c3134da72f51b8,587affc49bc0ac8f084bf0509a7fb7840e6e1ab38d61d14d7ab2fcdaa4978248,f2606d1cfc14b6d081814d3c4d98fac876ec0bd4,36247446499
F2-BURST-N1000-M200-s103,tsfg,10,screen,OK,True,10,10,1.7082611480000054,1.7046948739999999,,,1.7082611480000054,34664448,1.70677,1768d6dc52292b9197d531cec41cf06e1af95d6817f867a46ee252405f5cdd85,ba4c00605ca7c21a0a871ba10a7f0e34f3e9a01c787dcc1a5a76d3aba2215bd7,f2606d1cfc14b6d081814d3c4d98fac876ec0bd4,36247446499
F2-BURST-N1000-M200-s103,des,10,screen,OK,True,10,10,0.012860844000002203,0.010522471,,,0.012860844000002203,34664448,0.01163,1768d6dc52292b9197d531cec41cf06e1af95d6817f867a46ee252405f5cdd85,ba4c00605ca7c21a0a871ba10a7f0e34f3e9a01c787dcc1a5a76d3aba2215bd7,f2606d1cfc14b6d081814d3c4d98fac876ec0bd4,36247446499
F2-BURST-N1000-M200-s103,dag,10,screen,OK,True,10,10,0.007012914000000592,0.004793334,,,0.007012914000000592,34664448,0.0061259999999999995,1768d6dc52292b9197d531cec41cf06e1af95d6817f867a46ee252405f5cdd85,ba4c00605ca7c21a0a871ba10a7f0e34f3e9a01c787dcc1a5a76d3aba2215bd7,f2606d1cfc14b6d081814d3c4d98fac876ec0bd4,36247446499
F2-BURST-N10000-M200-s101,tsfg,10,screen,OK,True,10,10,5.152634083999999,5.142285244,,,5.152634083999999,35823616,5.150174,b55fc2ebd822e5be0e2585e72b366a6ee55fec6d2d8e9e67f90ca80866df60f8,cb99978df29fafd75625e4962bcd973b8587e7f594d9c3fedd3c86821c6b8a0b,f2606d1cfc14b6d081814d3c4d98fac876ec0bd4,36247446499
F2-BURST-N10000-M200-s101,des,10,screen,OK,True,10,10,0.10086892300000727,0.094556657,,,0.10086892300000727,38096896,0.099922,b55fc2ebd822e5be0e2585e72b366a6ee55fec6d2d8e9e67f90ca80866df60f8,cb99978df29fafd75625e4962bcd973b8587e7f594d9c3fedd3c86821c6b8a0b,f2606d1cfc14b6d081814d3c4d98fac876ec0bd4,36247446499
F2-BURST-N10000-M200-s101,dag,10,screen,OK,True,10,10,0.03825621700002557,0.028898885,,,0.03825621700002557,38096896,0.037409,b55fc2ebd822e5be0e2585e72b366a6ee55fec6d2d8e9e67f90ca80866df60f8,cb99978df29fafd75625e4962bcd973b8587e7f594d9c3fedd3c86821c6b8a0b,f2606d1cfc14b6d081814d3c4d98fac876ec0bd4,36247446499
F2-BURST-N10000-M200-s102,tsfg,10,screen,OK,True,10,10,5.402263535000003,5.397094382,,,5.402263535000003,35762176,5.400836,4f31f026a9e98c03292a14730d9d40b6dc48e8bcba4dd5157fad94f50adca850,ca0b332a246b596cd9ce864a74c3b6c7c5e21f8aaaf92f02432afe4437c8cbe7,f2606d1cfc14b6d081814d3c4d98fac876ec0bd4,36247446499
F2-BURST-N10000-M200-s102,des,10,screen,OK,True,10,10,0.1009553330000017,0.094653036,,,0.1009553330000017,37871616,0.09997899999999998,4f31f026a9e98c03292a14730d9d40b6dc48e8bcba4dd5157fad94f50adca850,ca0b332a246b596cd9ce864a74c3b6c7c5e21f8aaaf92f02432afe4437c8cbe7,f2606d1cfc14b6d081814d3c4d98fac876ec0bd4,36247446499
F2-BURST-N10000-M200-s102,dag,10,screen,OK,True,10,10,0.037434147999988454,0.028530922,,,0.037434147999988454,38031360,0.036456999999999996,4f31f026a9e98c03292a14730d9d40b6dc48e8bcba4dd5157fad94f50adca850,ca0b332a246b596cd9ce864a74c3b6c7c5e21f8aaaf92f02432afe4437c8cbe7,f2606d1cfc14b6d081814d3c4d98fac876ec0bd4,36247446499
F2-BURST-N10000-M200-s103,tsfg,10,screen,OK,True,10,10,2.700545685999998,2.696587821,,,2.700545685999998,35835904,2.698938,01f8858aafe423d98ce84d6f4c1a809d701d1bf3c6c89c84736a4e1c9cfb48f3,2b60ae3c76f06e1d1b2be7751324057bda491282989877347721ebcf3963f6d4,f2606d1cfc14b6d081814d3c4d98fac876ec0bd4,36247446499
F2-BURST-N10000-M200-s103,des,10,screen,OK,True,10,10,0.10644552100001192,0.098241388,,,0.10644552100001192,38092800,0.094701,01f8858aafe423d98ce84d6f4c1a809d701d1bf3c6c89c84736a4e1c9cfb48f3,2b60ae3c76f06e1d1b2be7751324057bda491282989877347721ebcf3963f6d4,f2606d1cfc14b6d081814d3c4d98fac876ec0bd4,36247446499
F2-BURST-N10000-M200-s103,dag,10,screen,OK,True,10,10,0.021885220999990906,0.01596364,,,0.021885220999990906,38092800,0.020459,01f8858aafe423d98ce84d6f4c1a809d701d1bf3c6c89c84736a4e1c9cfb48f3,2b60ae3c76f06e1d1b2be7751324057bda491282989877347721ebcf3963f6d4,f2606d1cfc14b6d081814d3c4d98fac876ec0bd4,36247446499
F2-BURST-N100000-M200-s101,tsfg,10,screen,OK,True,10,10,40.954384327000014,40.918487798,,,40.954384327000014,56975360,40.941055,fc1fec781b141d5920af042652b697d96ec67bdad4a8bc537e9c836d43268d69,c10848205701412bf99db3588ab9a4b467e98fd2af07fef1fa5db373cb121712,f2606d1cfc14b6d081814d3c4d98fac876ec0bd4,36247446499
F2-BURST-N100000-M200-s101,des,10,screen,OK,True,10,10,1.1497529939999822,1.104205295,,,1.1497529939999822,71720960,1.148421,fc1fec781b141d5920af042652b697d96ec67bdad4a8bc537e9c836d43268d69,c10848205701412bf99db3588ab9a4b467e98fd2af07fef1fa5db373cb121712,f2606d1cfc14b6d081814d3c4d98fac876ec0bd4,36247446499
F2-BURST-N100000-M200-s101,dag,10,screen,OK,True,10,10,0.3860640399999511,0.303082408,,,0.3860640399999511,74473472,0.384924,fc1fec781b141d5920af042652b697d96ec67bdad4a8bc537e9c836d43268d69,c10848205701412bf99db3588ab9a4b467e98fd2af07fef1fa5db373cb121712,f2606d1cfc14b6d081814d3c4d98fac876ec0bd4,36247446499
F2-BURST-N100000-M200-s102,tsfg,10,screen,OK,True,10,10,26.25468435899998,26.228464581,,,26.25468435899998,58650624,26.241652000000002,4f66ae440ee03a056edfb07f9e8734b389658b7e9e2d9f0cb72740e0a3a1ba68,5af6bd4c0d47951b2a87944b164d135c51c2f142f50dda7bb5e53af5335c3a53,f2606d1cfc14b6d081814d3c4d98fac876ec0bd4,36247446499
F2-BURST-N100000-M200-s102,des,10,screen,OK,True,10,10,1.015695658000027,0.974026802,,,1.015695658000027,71589888,1.013951,4f66ae440ee03a056edfb07f9e8734b389658b7e9e2d9f0cb72740e0a3a1ba68,5af6bd4c0d47951b2a87944b164d135c51c2f142f50dda7bb5e53af5335c3a53,f2606d1cfc14b6d081814d3c4d98fac876ec0bd4,36247446499
F2-BURST-N100000-M200-s102,dag,10,screen,OK,True,10,10,0.28196745700000747,0.214814023,,,0.28196745700000747,72499200,0.277459,4f66ae440ee03a056edfb07f9e8734b389658b7e9e2d9f0cb72740e0a3a1ba68,5af6bd4c0d47951b2a87944b164d135c51c2f142f50dda7bb5e53af5335c3a53,f2606d1cfc14b6d081814d3c4d98fac876ec0bd4,36247446499
F2-BURST-N100000-M200-s103,tsfg,10,screen,OK,True,10,10,26.359177235999994,26.33093107,,,26.359177235999994,58990592,26.350099999999998,038dc50e1b3aaa771e064c5897dee5e63df78381fa73d513b5e0ed4f4db41b47,5d56e11217616d34959ab7a3c258d02d887574eaab99ebcfe65e578eca326b6e,f2606d1cfc14b6d081814d3c4d98fac876ec0bd4,36247446499
F2-BURST-N100000-M200-s103,des,10,screen,OK,True,10,10,1.0391263399999957,1.00444446,,,1.0391263399999957,70324224,1.03671,038dc50e1b3aaa771e064c5897dee5e63df78381fa73d513b5e0ed4f4db41b47,5d56e11217616d34959ab7a3c258d02d887574eaab99ebcfe65e578eca326b6e,f2606d1cfc14b6d081814d3c4d98fac876ec0bd4,36247446499
F2-BURST-N100000-M200-s103,dag,10,screen,OK,True,10,10,0.28384093399995436,0.216102034,,,0.28384093399995436,72835072,0.281973,038dc50e1b3aaa771e064c5897dee5e63df78381fa73d513b5e0ed4f4db41b47,5d56e11217616d34959ab7a3c258d02d887574eaab99ebcfe65e578eca326b6e,f2606d1cfc14b6d081814d3c4d98fac876ec0bd4,36247446499
F2-BURST-N1000000-M200-s101,tsfg,10,screen,TIMEOUT,False,8,8,,,,300,300.103027237,481923072,299.95021399999996,257af018b4762186e5fef0fe68d277832a4be031a4348b14b28eeefb97652a00,adde016e2a7fe6534e6404a6520a7ba7d735a47f5738155386e870d84424eb20,f2606d1cfc14b6d081814d3c4d98fac876ec0bd4,36247446499
F2-BURST-N1000000-M200-s101,des,10,screen,OK,True,10,10,20.252579405000006,19.771691328,,,20.252579405000006,409575424,20.244422999999998,257af018b4762186e5fef0fe68d277832a4be031a4348b14b28eeefb97652a00,adde016e2a7fe6534e6404a6520a7ba7d735a47f5738155386e870d84424eb20,f2606d1cfc14b6d081814d3c4d98fac876ec0bd4,36247446499
F2-BURST-N1000000-M200-s101,dag,10,screen,OK,True,10,10,4.585547926000004,3.302222589,,,4.585547926000004,419553280,4.582883,257af018b4762186e5fef0fe68d277832a4be031a4348b14b28eeefb97652a00,adde016e2a7fe6534e6404a6520a7ba7d735a47f5738155386e870d84424eb20,f2606d1cfc14b6d081814d3c4d98fac876ec0bd4,36247446499
F2-BURST-N1000000-M200-s102,tsfg,10,screen,TIMEOUT,False,7,7,,,,300,300.10218086099997,468209664,299.929985,e0b4258b2c9df56bad784d17aba440a10eb9833b6471e90eca6c6c1493a8f0fa,be39eb38d342e043e03900ede1bd48fc149146010674db155b6d58195a71df86,f2606d1cfc14b6d081814d3c4d98fac876ec0bd4,36247446499
F2-BURST-N1000000-M200-s102,des,10,screen,OK,True,10,10,15.078319685999986,14.607904644,,,15.078319685999986,411820032,15.072671,e0b4258b2c9df56bad784d17aba440a10eb9833b6471e90eca6c6c1493a8f0fa,be39eb38d342e043e03900ede1bd48fc149146010674db155b6d58195a71df86,f2606d1cfc14b6d081814d3c4d98fac876ec0bd4,36247446499
F2-BURST-N1000000-M200-s102,dag,10,screen,OK,True,10,10,4.290644723000014,3.157706211,,,4.290644723000014,419901440,4.2888399999999995,e0b4258b2c9df56bad784d17aba440a10eb9833b6471e90eca6c6c1493a8f0fa,be39eb38d342e043e03900ede1bd48fc149146010674db155b6d58195a71df86,f2606d1cfc14b6d081814d3c4d98fac876ec0bd4,36247446499
F2-BURST-N1000000-M200-s103,tsfg,10,screen,TIMEOUT,False,7,7,,,,300,300.106781497,475246592,299.943242,b0c416ba547197dd1c85c71b7ccd9cf338a385517fa2642cd82df29d5737a1d2,48021797f997212d7d1b9d867a464a12c489669421d3d486c5dc5e750ce87028,f2606d1cfc14b6d081814d3c4d98fac876ec0bd4,36247446499
F2-BURST-N1000000-M200-s103,des,10,screen,OK,True,10,10,18.19081229899996,17.712874214,,,18.19081229899996,410324992,18.18564,b0c416ba547197dd1c85c71b7ccd9cf338a385517fa2642cd82df29d5737a1d2,48021797f997212d7d1b9d867a464a12c489669421d3d486c5dc5e750ce87028,f2606d1cfc14b6d081814d3c4d98fac876ec0bd4,36247446499
F2-BURST-N1000000-M200-s103,dag,10,screen,OK,True,10,10,4.373873673999924,3.164694867,,,4.373873673999924,420032512,4.371772,b0c416ba547197dd1c85c71b7ccd9cf338a385517fa2642cd82df29d5737a1d2,48021797f997212d7d1b9d867a464a12c489669421d3d486c5dc5e750ce87028,f2606d1cfc14b6d081814d3c4d98fac876ec0bd4,36247446499
F1-DENSE-N1000-M200-s101,tsfg,1000,screen,OK,True,1000,1000,37.012135649000015,37.00673619,3.7903321439999997,,37.012135649000015,34492416,36.821038,66c66526ae9821861de5343257a851e0832157ac4e93ecd1017f3d2485c34ab1,472ac843b9b8babca5218bc001911bf6f128e1c4f8599451540e033c65a41347,f2606d1cfc14b6d081814d3c4d98fac876ec0bd4,36247446499
F1-DENSE-N1000-M200-s101,des,1000,screen,OK,True,1000,1000,1.0100224739999817,1.005436243,0.099169903,,1.0100224739999817,37113856,0.92455,66c66526ae9821861de5343257a851e0832157ac4e93ecd1017f3d2485c34ab1,472ac843b9b8babca5218bc001911bf6f128e1c4f8599451540e033c65a41347,f2606d1cfc14b6d081814d3c4d98fac876ec0bd4,36247446499
F1-DENSE-N1000-M200-s101,dag,1000,screen,OK,True,1000,1000,0.5194356999999741,0.513886539,0.04763723,,0.5194356999999741,39350272,0.429036,66c66526ae9821861de5343257a851e0832157ac4e93ecd1017f3d2485c34ab1,472ac843b9b8babca5218bc001911bf6f128e1c4f8599451540e033c65a41347,f2606d1cfc14b6d081814d3c4d98fac876ec0bd4,36247446499
F1-DENSE-N10000-M200-s101,tsfg,1000,screen,OK,True,1000,1000,140.80531814800003,140.797873604,13.948271433,,140.80531814800003,35590144,140.120766,5882c9d88207a9b8a0a606ba7fccb43cc16d2c59916bfdbf2ccbba149cf63c44,620428fcf8de9a8ef4119564eb108f70c8fac1560ffb45b384a48b375fbf32a8,f2606d1cfc14b6d081814d3c4d98fac876ec0bd4,36247446499
F1-DENSE-N10000-M200-s101,des,1000,screen,OK,True,1000,1000,8.501806815000009,8.493788043,0.848830352,,8.501806815000009,39792640,8.23536,5882c9d88207a9b8a0a606ba7fccb43cc16d2c59916bfdbf2ccbba149cf63c44,620428fcf8de9a8ef4119564eb108f70c8fac1560ffb45b384a48b375fbf32a8,f2606d1cfc14b6d081814d3c4d98fac876ec0bd4,36247446499
F1-DENSE-N10000-M200-s101,dag,1000,screen,OK,True,1000,1000,2.866764361000037,2.854821533,0.253595404,,2.866764361000037,41947136,2.339404,5882c9d88207a9b8a0a606ba7fccb43cc16d2c59916bfdbf2ccbba149cf63c44,620428fcf8de9a8ef4119564eb108f70c8fac1560ffb45b384a48b375fbf32a8,f2606d1cfc14b6d081814d3c4d98fac876ec0bd4,36247446499
F1-DENSE-N100000-M200-s101,tsfg,1000,screen,TIMEOUT,False,183,183,,,163.75494255,300,300.10303589600005,63123456,300.00710799999996,9a79e3f6347df40eeab14ace787b6ee58b854bf24971bdeab0dd3821969ead8c,3f4a3c76c789ce76981cdd317843c67626608bffc5553c3c72bffe69461c5e35,f2606d1cfc14b6d081814d3c4d98fac876ec0bd4,36247446499
F1-DENSE-N100000-M200-s101,des,1000,screen,OK,True,1000,1000,94.81456348999995,94.766680352,9.30056628,,94.81456348999995,78520320,92.227629,9a79e3f6347df40eeab14ace787b6ee58b854bf24971bdeab0dd3821969ead8c,3f4a3c76c789ce76981cdd317843c67626608bffc5553c3c72bffe69461c5e35,f2606d1cfc14b6d081814d3c4d98fac876ec0bd4,36247446499
F1-DENSE-N100000-M200-s101,dag,1000,screen,OK,True,1000,1000,29.149874495000063,29.075812234,2.608253627,,29.149874495000063,80973824,25.992634,9a79e3f6347df40eeab14ace787b6ee58b854bf24971bdeab0dd3821969ead8c,3f4a3c76c789ce76981cdd317843c67626608bffc5553c3c72bffe69461c5e35,f2606d1cfc14b6d081814d3c4d98fac876ec0bd4,36247446499
F1-SPARSE-N1000-M200-s101,tsfg,1000,screen,OK,True,1000,1000,123.22221954000003,123.217414823,12.295695758,,123.22221954000003,34308096,123.058466,acc1e825bc9e60e4a331c4e2c0ec05e45b5935eb5af6ba13242f4c007b198e4a,faf4223875cb580e0281d4d8edc513f71848bfa196a0fc8f0ed51c7ba6a6a752,f2606d1cfc14b6d081814d3c4d98fac876ec0bd4,36247446499
F1-SPARSE-N1000-M200-s101,des,1000,screen,OK,True,1000,1000,1.0543601379999927,1.049811391,0.104584405,,1.0543601379999927,36929536,0.9658589999999999,acc1e825bc9e60e4a331c4e2c0ec05e45b5935eb5af6ba13242f4c007b198e4a,faf4223875cb580e0281d4d8edc513f71848bfa196a0fc8f0ed51c7ba6a6a752,f2606d1cfc14b6d081814d3c4d98fac876ec0bd4,36247446499
F1-SPARSE-N1000-M200-s101,dag,1000,screen,OK,True,1000,1000,0.4849466040000152,0.480156986,0.046942932,,0.4849466040000152,39247872,0.412635,acc1e825bc9e60e4a331c4e2c0ec05e45b5935eb5af6ba13242f4c007b198e4a,faf4223875cb580e0281d4d8edc513f71848bfa196a0fc8f0ed51c7ba6a6a752,f2606d1cfc14b6d081814d3c4d98fac876ec0bd4,36247446499
F1-SPARSE-N10000-M200-s101,tsfg,1000,screen,TIMEOUT,False,783,783,,,37.389842546,300,300.09990081800004,35999744,299.743457,30d615223a10ff0b98b5c72e9a1872e7897db91fa4142c4833b4e1cd4367873b,3b8622119fb0a446c1ae9b9ac5d43b14af55e1d5b33c85338303c3b823327ed8,f2606d1cfc14b6d081814d3c4d98fac876ec0bd4,36247446499
F1-SPARSE-N10000-M200-s101,des,1000,screen,OK,True,1000,1000,8.508069184999954,8.500519889,0.857687545,,8.508069184999954,39415808,8.266128,30d615223a10ff0b98b5c72e9a1872e7897db91fa4142c4833b4e1cd4367873b,3b8622119fb0a446c1ae9b9ac5d43b14af55e1d5b33c85338303c3b823327ed8,f2606d1cfc14b6d081814d3c4d98fac876ec0bd4,36247446499
F1-SPARSE-N10000-M200-s101,dag,1000,screen,OK,True,1000,1000,2.4541614179998987,2.444055518,0.249040433,,2.4541614179998987,41857024,2.23304,30d615223a10ff0b98b5c72e9a1872e7897db91fa4142c4833b4e1cd4367873b,3b8622119fb0a446c1ae9b9ac5d43b14af55e1d5b33c85338303c3b823327ed8,f2606d1cfc14b6d081814d3c4d98fac876ec0bd4,36247446499
F1-SPARSE-N100000-M200-s101,tsfg,1000,screen,TIMEOUT,False,64,64,,,,300,300.102717934,63868928,299.95835700000003,934d21fa24533b374555d5919147527a0953c98fdbb19ab0f7fe23210ab02e40,b9a4f6f1b19e582c42cd6496178d6216e2e38ecb641e19fc10fca9d6faf51529,f2606d1cfc14b6d081814d3c4d98fac876ec0bd4,36247446499
F1-SPARSE-N100000-M200-s101,des,1000,screen,OK,True,1000,1000,116.19271551399999,116.135682402,11.42007554,,116.19271551399999,76500992,113.871228,934d21fa24533b374555d5919147527a0953c98fdbb19ab0f7fe23210ab02e40,b9a4f6f1b19e582c42cd6496178d6216e2e38ecb641e19fc10fca9d6faf51529,f2606d1cfc14b6d081814d3c4d98fac876ec0bd4,36247446499
F1-SPARSE-N100000-M200-s101,dag,1000,screen,OK,True,1000,1000,33.312895755,33.218715634,3.005455178,,33.312895755,76500992,30.165658,934d21fa24533b374555d5919147527a0953c98fdbb19ab0f7fe23210ab02e40,b9a4f6f1b19e582c42cd6496178d6216e2e38ecb641e19fc10fca9d6faf51529,f2606d1cfc14b6d081814d3c4d98fac876ec0bd4,36247446499
F2-DENSE-N1000-M200-s101,tsfg,1000,screen,OK,True,1000,1000,24.129938191999997,24.125825922,2.421367051,,24.129938191999997,34803712,22.659713,3425ca0d221df3ecbd4d4dd9dad1501432af5dc8415c02b3b029259d1a1b577e,483ede5d614baeb1c38f8559bbcd2105c8a7f0426915fee93c9f770814b19a5f,f2606d1cfc14b6d081814d3c4d98fac876ec0bd4,36247446499
F2-DENSE-N1000-M200-s101,des,1000,screen,OK,True,1000,1000,1.0638435070000014,1.059784798,0.184903651,,1.0638435070000014,37019648,0.774415,3425ca0d221df3ecbd4d4dd9dad1501432af5dc8415c02b3b029259d1a1b577e,483ede5d614baeb1c38f8559bbcd2105c8a7f0426915fee93c9f770814b19a5f,f2606d1cfc14b6d081814d3c4d98fac876ec0bd4,36247446499
F2-DENSE-N1000-M200-s101,dag,1000,screen,OK,True,1000,1000,0.4543909669999948,0.450170331,0.047410565,,0.4543909669999948,39346176,0.31354,3425ca0d221df3ecbd4d4dd9dad1501432af5dc8415c02b3b029259d1a1b577e,483ede5d614baeb1c38f8559bbcd2105c8a7f0426915fee93c9f770814b19a5f,f2606d1cfc14b6d081814d3c4d98fac876ec0bd4,36247446499
F2-DENSE-N10000-M200-s101,tsfg,1000,screen,OK,True,1000,1000,131.392065854,131.384132505,13.171484532,,131.392065854,35823616,131.22265800000002,dd3b343c301da3cc4eb88ba873e85fcb0859de18ac3c54357fea562e53895d98,dc2a02d58e71c93e30ebb4a4e72882eed35e0a70362b4372782149c806ea3889,f2606d1cfc14b6d081814d3c4d98fac876ec0bd4,36247446499
F2-DENSE-N10000-M200-s101,des,1000,screen,OK,True,1000,1000,9.15741699900002,9.14830834,0.923825762,,9.15741699900002,40960000,8.989364,dd3b343c301da3cc4eb88ba873e85fcb0859de18ac3c54357fea562e53895d98,dc2a02d58e71c93e30ebb4a4e72882eed35e0a70362b4372782149c806ea3889,f2606d1cfc14b6d081814d3c4d98fac876ec0bd4,36247446499
F2-DENSE-N10000-M200-s101,dag,1000,screen,OK,True,1000,1000,2.941256241000019,2.928245639,0.288265172,,2.941256241000019,42536960,2.80855,dd3b343c301da3cc4eb88ba873e85fcb0859de18ac3c54357fea562e53895d98,dc2a02d58e71c93e30ebb4a4e72882eed35e0a70362b4372782149c806ea3889,f2606d1cfc14b6d081814d3c4d98fac876ec0bd4,36247446499
F2-DENSE-N100000-M200-s101,tsfg,1000,screen,TIMEOUT,False,374,374,,,79.826309468,300,300.10195403399996,68284416,299.715548,2860fea535bec04bcf6129532b6266f940fd9ee866744edd8069b32c882278c8,2a5551d91d8082f501879e0b3985ad259a55b7a8519992e89959f2ac376f098a,f2606d1cfc14b6d081814d3c4d98fac876ec0bd4,36247446499
F2-DENSE-N100000-M200-s101,des,1000,screen,OK,True,1000,1000,123.59451909699993,123.549798778,12.434935441,,123.59451909699993,84643840,118.89098200000001,2860fea535bec04bcf6129532b6266f940fd9ee866744edd8069b32c882278c8,2a5551d91d8082f501879e0b3985ad259a55b7a8519992e89959f2ac376f098a,f2606d1cfc14b6d081814d3c4d98fac876ec0bd4,36247446499
F2-DENSE-N100000-M200-s101,dag,1000,screen,OK,True,1000,1000,34.28245824099997,34.197855008,2.538085425,,34.28245824099997,84643840,24.891705,2860fea535bec04bcf6129532b6266f940fd9ee866744edd8069b32c882278c8,2a5551d91d8082f501879e0b3985ad259a55b7a8519992e89959f2ac376f098a,f2606d1cfc14b6d081814d3c4d98fac876ec0bd4,36247446499
F2-SPARSE-N1000-M200-s101,tsfg,1000,screen,OK,True,1000,1000,80.30005213199999,80.295793085,8.469746793,,80.30005213199999,34885632,76.72306499999999,b9b02fa79e8ca6c15c986973e2875302710b05fbf31a09e6ba50e7454e28f844,e0b421fdd9bb1bd456cfb91b982184cc0f24ebbd433adbedea6206974b136f72,f2606d1cfc14b6d081814d3c4d98fac876ec0bd4,36247446499
F2-SPARSE-N1000-M200-s101,des,1000,screen,OK,True,1000,1000,2.057075745999981,2.053096355,0.224427489,,2.057075745999981,37613568,0.7855479999999999,b9b02fa79e8ca6c15c986973e2875302710b05fbf31a09e6ba50e7454e28f844,e0b421fdd9bb1bd456cfb91b982184cc0f24ebbd433adbedea6206974b136f72,f2606d1cfc14b6d081814d3c4d98fac876ec0bd4,36247446499
F2-SPARSE-N1000-M200-s101,dag,1000,screen,OK,True,1000,1000,1.1709060729999976,1.166733535,0.05429242,,1.1709060729999976,39321600,0.314774,b9b02fa79e8ca6c15c986973e2875302710b05fbf31a09e6ba50e7454e28f844,e0b421fdd9bb1bd456cfb91b982184cc0f24ebbd433adbedea6206974b136f72,f2606d1cfc14b6d081814d3c4d98fac876ec0bd4,36247446499
F2-SPARSE-N10000-M200-s101,tsfg,1000,screen,OK,True,1000,1000,258.58209378000004,258.576150228,26.054405191,,258.58209378000004,35815424,257.993397,b8e0e3b8464b8c195de6b2a2b20c5e3e9e7b08e67bbd149fdc7fe14f162bc943,fe6eb907e58c353faf100933a758b12e21deeb2fb491de81ba2ff3692b7154b3,f2606d1cfc14b6d081814d3c4d98fac876ec0bd4,36247446499
F2-SPARSE-N10000-M200-s101,des,1000,screen,OK,True,1000,1000,8.82729999999998,8.820446059,0.891436018,,8.82729999999998,40271872,8.525013,b8e0e3b8464b8c195de6b2a2b20c5e3e9e7b08e67bbd149fdc7fe14f162bc943,fe6eb907e58c353faf100933a758b12e21deeb2fb491de81ba2ff3692b7154b3,f2606d1cfc14b6d081814d3c4d98fac876ec0bd4,36247446499
F2-SPARSE-N10000-M200-s101,dag,1000,screen,OK,True,1000,1000,2.255780811999955,2.246639118,0.224166253,,2.255780811999955,42258432,2.062878,b8e0e3b8464b8c195de6b2a2b20c5e3e9e7b08e67bbd149fdc7fe14f162bc943,fe6eb907e58c353faf100933a758b12e21deeb2fb491de81ba2ff3692b7154b3,f2606d1cfc14b6d081814d3c4d98fac876ec0bd4,36247446499
F2-SPARSE-N100000-M200-s101,tsfg,1000,screen,TIMEOUT,False,95,95,,,,300,300.101222528,61353984,300.011426,666bb8a1acd3c0461f0c87737b5125474ae2d1b1175b6c8df22d4e4b3eb2f1ed,311597ec501229b6a5824c387734398ba25e363f84fbf51903080a6a04e8de8b,f2606d1cfc14b6d081814d3c4d98fac876ec0bd4,36247446499
F2-SPARSE-N100000-M200-s101,des,1000,screen,OK,True,1000,1000,119.70289613799997,119.651612152,11.874194395,,119.70289613799997,77148160,117.877203,666bb8a1acd3c0461f0c87737b5125474ae2d1b1175b6c8df22d4e4b3eb2f1ed,311597ec501229b6a5824c387734398ba25e363f84fbf51903080a6a04e8de8b,f2606d1cfc14b6d081814d3c4d98fac876ec0bd4,36247446499
F2-SPARSE-N100000-M200-s101,dag,1000,screen,OK,True,1000,1000,32.77810901500004,32.690576797,2.956783512,,32.77810901500004,78262272,29.690268,666bb8a1acd3c0461f0c87737b5125474ae2d1b1175b6c8df22d4e4b3eb2f1ed,311597ec501229b6a5824c387734398ba25e363f84fbf51903080a6a04e8de8b,f2606d1cfc14b6d081814d3c4d98fac876ec0bd4,36247446499
F2-DENSE-N10000-M20-s101-A2,tsfg,10,screen,OK,True,10,10,1.105381556999987,1.099102767,,,1.105381556999987,35819520,1.102048,682cc3f94705cafdf639c4f0d898e9bd4c46165397d099c123a0ed026e012266,9fd100ecf3dfce2f4a9c94b9ec7ce039dad350e0f22cd95d0a4ee439c574cbb2,f2606d1cfc14b6d081814d3c4d98fac876ec0bd4,36247446499
F2-DENSE-N10000-M20-s101-A2,des,10,screen,OK,True,10,10,0.09183900599998651,0.085195169,,,0.09183900599998651,38088704,0.09084099999999999,682cc3f94705cafdf639c4f0d898e9bd4c46165397d099c123a0ed026e012266,9fd100ecf3dfce2f4a9c94b9ec7ce039dad350e0f22cd95d0a4ee439c574cbb2,f2606d1cfc14b6d081814d3c4d98fac876ec0bd4,36247446499
F2-DENSE-N10000-M20-s101-A2,dag,10,screen,OK,True,10,10,0.039014371000007486,0.029550525,,,0.039014371000007486,38096896,0.038147999999999994,682cc3f94705cafdf639c4f0d898e9bd4c46165397d099c123a0ed026e012266,9fd100ecf3dfce2f4a9c94b9ec7ce039dad350e0f22cd95d0a4ee439c574cbb2,f2606d1cfc14b6d081814d3c4d98fac876ec0bd4,36247446499
F2-DENSE-N10000-M20-s102-A2,tsfg,10,screen,OK,True,10,10,1.0885783060000023,1.083129562,,,1.0885783060000023,36073472,1.087486,746cf2875c205f570d8e3f1674eb23bbf08c9c5afefacae395a06752a8cab4f3,7c846596cdeb8d1f75b21da506ef235c4616f65e180ada5d75d6bd3a2d7d342b,f2606d1cfc14b6d081814d3c4d98fac876ec0bd4,36247446499
F2-DENSE-N10000-M20-s102-A2,des,10,screen,OK,True,10,10,0.09399585700001012,0.08744372,,,0.09399585700001012,39366656,0.091138,746cf2875c205f570d8e3f1674eb23bbf08c9c5afefacae395a06752a8cab4f3,7c846596cdeb8d1f75b21da506ef235c4616f65e180ada5d75d6bd3a2d7d342b,f2606d1cfc14b6d081814d3c4d98fac876ec0bd4,36247446499
F2-DENSE-N10000-M20-s102-A2,dag,10,screen,OK,True,10,10,0.03972419800000182,0.030299944,,,0.03972419800000182,39366656,0.037349,746cf2875c205f570d8e3f1674eb23bbf08c9c5afefacae395a06752a8cab4f3,7c846596cdeb8d1f75b21da506ef235c4616f65e180ada5d75d6bd3a2d7d342b,f2606d1cfc14b6d081814d3c4d98fac876ec0bd4,36247446499
F2-DENSE-N10000-M20-s103-A2,tsfg,10,screen,OK,True,10,10,1.0841628360000186,1.077967099,,,1.0841628360000186,35815424,1.0827419999999999,ed11117d47c9f42198235d7d489f30d374f02fb151505a267fd9c746e47d8367,49f55872748cb64a4c11009ab2a06d47fc21c27080eb779ab5b86ebd99ef7645,f2606d1cfc14b6d081814d3c4d98fac876ec0bd4,36247446499
F2-DENSE-N10000-M20-s103-A2,des,10,screen,OK,True,10,10,0.09267035799996393,0.086265589,,,0.09267035799996393,38088704,0.091486,ed11117d47c9f42198235d7d489f30d374f02fb151505a267fd9c746e47d8367,49f55872748cb64a4c11009ab2a06d47fc21c27080eb779ab5b86ebd99ef7645,f2606d1cfc14b6d081814d3c4d98fac876ec0bd4,36247446499
F2-DENSE-N10000-M20-s103-A2,dag,10,screen,OK,True,10,10,0.04017615099996874,0.030347412,,,0.04017615099996874,38326272,0.039192,ed11117d47c9f42198235d7d489f30d374f02fb151505a267fd9c746e47d8367,49f55872748cb64a4c11009ab2a06d47fc21c27080eb779ab5b86ebd99ef7645,f2606d1cfc14b6d081814d3c4d98fac876ec0bd4,36247446499
F2-DENSE-N100000-M200-s101-A2,tsfg,10,screen,OK,True,10,10,10.86981758799999,10.834673908,,,10.86981758799999,57004032,10.861349,6dd249bc8a84dda9a3fd27dc030164189a91aaf0ece4d79ad0b7f438bd20b47c,5ce884eb49f7ea30e11a2985e5e58b8bfef192ee83424b46c0ce89723108da34,f2606d1cfc14b6d081814d3c4d98fac876ec0bd4,36247446499
F2-DENSE-N100000-M200-s101-A2,des,10,screen,OK,True,10,10,1.19538855899998,1.149585052,,,1.19538855899998,71856128,1.19397,6dd249bc8a84dda9a3fd27dc030164189a91aaf0ece4d79ad0b7f438bd20b47c,5ce884eb49f7ea30e11a2985e5e58b8bfef192ee83424b46c0ce89723108da34,f2606d1cfc14b6d081814d3c4d98fac876ec0bd4,36247446499
F2-DENSE-N100000-M200-s101-A2,dag,10,screen,OK,True,10,10,0.39393253600002254,0.309348047,,,0.39393253600002254,74870784,0.39275899999999997,6dd249bc8a84dda9a3fd27dc030164189a91aaf0ece4d79ad0b7f438bd20b47c,5ce884eb49f7ea30e11a2985e5e58b8bfef192ee83424b46c0ce89723108da34,f2606d1cfc14b6d081814d3c4d98fac876ec0bd4,36247446499
F2-DENSE-N100000-M200-s102-A2,tsfg,10,screen,OK,True,10,10,10.814846825000018,10.778983406,,,10.814846825000018,60305408,10.809302,008ca73071807db1aa48f0142f075ca0099b62a47217586b557cc68b4320affd,ee02a59b3f5aac0f59929e8df69c9e17ac28ef4c89a7d8f70f82147717382527,f2606d1cfc14b6d081814d3c4d98fac876ec0bd4,36247446499
F2-DENSE-N100000-M200-s102-A2,des,10,screen,OK,True,10,10,1.3619421369999998,1.306575091,,,1.3619421369999998,72286208,1.3602969999999999,008ca73071807db1aa48f0142f075ca0099b62a47217586b557cc68b4320affd,ee02a59b3f5aac0f59929e8df69c9e17ac28ef4c89a7d8f70f82147717382527,f2606d1cfc14b6d081814d3c4d98fac876ec0bd4,36247446499
F2-DENSE-N100000-M200-s102-A2,dag,10,screen,OK,True,10,10,0.4363001499999939,0.321222512,,,0.4363001499999939,72884224,0.43498099999999995,008ca73071807db1aa48f0142f075ca0099b62a47217586b557cc68b4320affd,ee02a59b3f5aac0f59929e8df69c9e17ac28ef4c89a7d8f70f82147717382527,f2606d1cfc14b6d081814d3c4d98fac876ec0bd4,36247446499
F2-DENSE-N100000-M200-s103-A2,tsfg,10,screen,OK,True,10,10,10.612828391999997,10.577486667,,,10.612828391999997,61259776,10.607124,a1e606b58de9c1194feb6659aa0e127138087cae89340f8a6a3c2c2af7f73da4,b8bb94bf00453b3f86eeef1639bf6ca63e0de2e69a6358d59f25360d57a7f731,f2606d1cfc14b6d081814d3c4d98fac876ec0bd4,36247446499
F2-DENSE-N100000-M200-s103-A2,des,10,screen,OK,True,10,10,1.1676770939999983,1.118638349,,,1.1676770939999983,72110080,1.1662270000000001,a1e606b58de9c1194feb6659aa0e127138087cae89340f8a6a3c2c2af7f73da4,b8bb94bf00453b3f86eeef1639bf6ca63e0de2e69a6358d59f25360d57a7f731,f2606d1cfc14b6d081814d3c4d98fac876ec0bd4,36247446499
F2-DENSE-N100000-M200-s103-A2,dag,10,screen,OK,True,10,10,0.38453741699999,0.303910416,,,0.38453741699999,73846784,0.382353,a1e606b58de9c1194feb6659aa0e127138087cae89340f8a6a3c2c2af7f73da4,b8bb94bf00453b3f86eeef1639bf6ca63e0de2e69a6358d59f25360d57a7f731,f2606d1cfc14b6d081814d3c4d98fac876ec0bd4,36247446499
F2-DENSE-N1000000-M2000-s101-A2,tsfg,10,screen,OK,True,10,10,127.22742335999999,126.934414892,,,127.22742335999999,479883264,127.16328700000001,46c1d6edbf58182db0883925070f24a4a2f0124a3e7075948001df15f34a76e0,5a6b0c66ed1a2b52c7d6b24babd3e24a84f5e37c2c0ac2e3960b7ae9c58a4221,f2606d1cfc14b6d081814d3c4d98fac876ec0bd4,36247446499
F2-DENSE-N1000000-M2000-s101-A2,des,10,screen,OK,True,10,10,18.350223029999995,17.8534513,,,18.350223029999995,423313408,18.34111,46c1d6edbf58182db0883925070f24a4a2f0124a3e7075948001df15f34a76e0,5a6b0c66ed1a2b52c7d6b24babd3e24a84f5e37c2c0ac2e3960b7ae9c58a4221,f2606d1cfc14b6d081814d3c4d98fac876ec0bd4,36247446499
F2-DENSE-N1000000-M2000-s101-A2,dag,10,screen,OK,True,10,10,4.635889549000012,3.28861698,,,4.635889549000012,423313408,4.63307,46c1d6edbf58182db0883925070f24a4a2f0124a3e7075948001df15f34a76e0,5a6b0c66ed1a2b52c7d6b24babd3e24a84f5e37c2c0ac2e3960b7ae9c58a4221,f2606d1cfc14b6d081814d3c4d98fac876ec0bd4,36247446499
F2-DENSE-N1000000-M2000-s102-A2,tsfg,10,screen,OK,True,10,10,130.602671381,130.304002465,,,130.602671381,501125120,130.546672,78f99fc5343dee4f8f748731aebc3ce2cc0ca7ab4211e0690dd89b849c9d76fb,f993959d32c4cc67de563badda977dd1a0b3c7c5357825475f8661b603f09f9f,f2606d1cfc14b6d081814d3c4d98fac876ec0bd4,36247446499
F2-DENSE-N1000000-M2000-s102-A2,des,10,screen,OK,True,10,10,23.123622022999996,22.618890785,,,23.123622022999996,407101440,23.115733,78f99fc5343dee4f8f748731aebc3ce2cc0ca7ab4211e0690dd89b849c9d76fb,f993959d32c4cc67de563badda977dd1a0b3c7c5357825475f8661b603f09f9f,f2606d1cfc14b6d081814d3c4d98fac876ec0bd4,36247446499
F2-DENSE-N1000000-M2000-s102-A2,dag,10,screen,OK,True,10,10,5.034383152999965,3.533160818,,,5.034383152999965,448438272,5.031174,78f99fc5343dee4f8f748731aebc3ce2cc0ca7ab4211e0690dd89b849c9d76fb,f993959d32c4cc67de563badda977dd1a0b3c7c5357825475f8661b603f09f9f,f2606d1cfc14b6d081814d3c4d98fac876ec0bd4,36247446499
F2-DENSE-N1000000-M2000-s103-A2,tsfg,10,screen,OK,True,10,10,125.033512344,124.739570236,,,125.033512344,480665600,124.98022,3a719ab8419971d80327f573edfa9d6f6bb349845969522bf425ad45222dd2de,56c7d97e985f5b3ec77e3f5a7b8323f02f2cc23178ead3509de976c337a63288,f2606d1cfc14b6d081814d3c4d98fac876ec0bd4,36247446499
F2-DENSE-N1000000-M2000-s103-A2,des,10,screen,OK,True,10,10,30.12392462699995,29.615684023,,,30.12392462699995,407531520,30.111302000000002,3a719ab8419971d80327f573edfa9d6f6bb349845969522bf425ad45222dd2de,56c7d97e985f5b3ec77e3f5a7b8323f02f2cc23178ead3509de976c337a63288,f2606d1cfc14b6d081814d3c4d98fac876ec0bd4,36247446499
F2-DENSE-N1000000-M2000-s103-A2,dag,10,screen,OK,True,10,10,5.177171999999985,3.594501115,,,5.177171999999985,416673792,5.174632,3a719ab8419971d80327f573edfa9d6f6bb349845969522bf425ad45222dd2de,56c7d97e985f5b3ec77e3f5a7b8323f02f2cc23178ead3509de976c337a63288,f2606d1cfc14b6d081814d3c4d98fac876ec0bd4,36247446499
