dataset,K,tsfg_completed,tsfg_processes,tsfg_timeouts,tsfg_median_total_s,des_completed,des_processes,des_timeouts,des_median_total_s,dag_completed,dag_processes,dag_timeouts,dag_median_total_s
F1-BURST-N1000-M200,10,3,3,0,1.9816251350000016,3,3,0,0.012442476999993346,3,3,0,0.006787779999996246
F1-BURST-N10000-M200,10,3,3,0,7.653168148999981,3,3,0,0.09307371099998818,3,3,0,0.03856527299998902
F1-BURST-N100000-M200,10,3,3,0,36.157307231999994,3,3,0,1.0167073380000033,3,3,0,0.3270696300000111
F1-BURST-N1000000-M200,10,0,3,3,,3,3,0,13.561047748999954,3,3,0,3.344967088999965
F1-DENSE-N1000-M200,1000,1,1,0,37.012135649000015,1,1,0,1.0100224739999817,1,1,0,0.5194356999999741
F1-DENSE-N10000-M200,1000,1,1,0,140.80531814800003,1,1,0,8.501806815000009,1,1,0,2.866764361000037
F1-DENSE-N100000-M200,1000,0,1,1,,1,1,0,94.81456348999995,1,1,0,29.149874495000063
F1-SPARSE-N1000-M200,1000,1,1,0,123.22221954000003,1,1,0,1.0543601379999927,1,1,0,0.4849466040000152
F1-SPARSE-N10000-M200,1000,0,1,1,,1,1,0,8.508069184999954,1,1,0,2.4541614179998987
F1-SPARSE-N100000-M200,1000,0,1,1,,1,1,0,116.19271551399999,1,1,0,33.312895755
F2-BURST-N1000-M200,10,3,3,0,1.7465772179999988,3,3,0,0.012860844000002203,3,3,0,0.007012914000000592
F2-BURST-N10000-M200,10,3,3,0,5.152634083999999,3,3,0,0.1009553330000017,3,3,0,0.037434147999988454
F2-BURST-N100000-M200,10,3,3,0,26.359177235999994,3,3,0,1.0391263399999957,3,3,0,0.28384093399995436
F2-BURST-N1000000-M200,10,0,3,3,,3,3,0,18.19081229899996,3,3,0,4.373873673999924
F2-DENSE-N1000-M200,1000,1,1,0,24.129938191999997,1,1,0,1.0638435070000014,1,1,0,0.4543909669999948
F2-DENSE-N10000-M20-A2,10,3,3,0,1.0885783060000023,3,3,0,0.09267035799996393,3,3,0,0.03972419800000182
F2-DENSE-N10000-M200,1000,1,1,0,131.392065854,1,1,0,9.15741699900002,1,1,0,2.941256241000019
F2-DENSE-N100000-M200,1000,0,1,1,,1,1,0,123.59451909699993,1,1,0,34.28245824099997
F2-DENSE-N100000-M200-A2,10,3,3,0,10.814846825000018,3,3,0,1.19538855899998,3,3,0,0.39393253600002254
F2-DENSE-N1000000-M2000-A2,10,3,3,0,127.22742335999999,3,3,0,23.123622022999996,3,3,0,5.034383152999965
F2-SPARSE-N1000-M200,1000,1,1,0,80.30005213199999,1,1,0,2.057075745999981,1,1,0,1.1709060729999976
F2-SPARSE-N10000-M200,1000,1,1,0,258.58209378000004,1,1,0,8.82729999999998,1,1,0,2.255780811999955
F2-SPARSE-N100000-M200,1000,0,1,1,,1,1,0,119.70289613799997,1,1,0,32.77810901500004
F3-DENSE-N1000-M200,10,3,3,0,0.20088208300001043,3,3,0,0.012702735999994275,3,3,0,0.00710428400000751
F3-DENSE-N10000-M200,10,3,3,0,1.232251980000001,3,3,0,0.10138099799999623,3,3,0,0.03939205699998638
F3-DENSE-N100000-M200,10,3,3,0,10.062640627000007,3,3,0,1.2345499080000195,3,3,0,0.3916896029999748
F3-DENSE-N1000000-M200,10,3,3,0,100.12292540000001,3,3,0,17.985106965,3,3,0,4.709679018000031
