dataset_id,label,reference,direction,S_total_bound,eligible_for_H3,scope
F1-DENSE-N1000000-M200-s101,round-0,des,UPPER,0.4439341754282819,False,Process completion time only; censored final correctness is unknown
F1-DENSE-N1000000-M200-s101,round-0,dag,UPPER,0.10049027350180073,False,Process completion time only; censored final correctness is unknown
F1-DENSE-N1000000-M200-s101,round-1,des,UPPER,0.46576215838058727,False,Process completion time only; censored final correctness is unknown
F1-DENSE-N1000000-M200-s101,round-1,dag,UPPER,0.0957510844158825,False,Process completion time only; censored final correctness is unknown
F1-DENSE-N1000000-M200-s101,round-2,des,UPPER,0.45714783341789805,False,Process completion time only; censored final correctness is unknown
F1-DENSE-N1000000-M200-s101,round-2,dag,UPPER,0.09172920279273093,False,Process completion time only; censored final correctness is unknown
F1-DENSE-N1000000-M200-s102,round-0,des,UPPER,0.40524372075216175,False,Process completion time only; censored final correctness is unknown
F1-DENSE-N1000000-M200-s102,round-0,dag,UPPER,0.09857684944621287,False,Process completion time only; censored final correctness is unknown
F1-DENSE-N1000000-M200-s102,round-1,des,UPPER,0.41067306105779144,False,Process completion time only; censored final correctness is unknown
F1-DENSE-N1000000-M200-s102,round-1,dag,UPPER,0.09862138854266576,False,Process completion time only; censored final correctness is unknown
F1-DENSE-N1000000-M200-s102,round-2,des,UPPER,0.4334789895074551,False,Process completion time only; censored final correctness is unknown
F1-DENSE-N1000000-M200-s102,round-2,dag,UPPER,0.10021719491913113,False,Process completion time only; censored final correctness is unknown
F1-DENSE-N1000000-M200-s103,round-0,des,UPPER,0.4350099915002881,False,Process completion time only; censored final correctness is unknown
F1-DENSE-N1000000-M200-s103,round-0,dag,UPPER,0.10182846132348893,False,Process completion time only; censored final correctness is unknown
F1-DENSE-N1000000-M200-s103,round-1,des,UPPER,0.44948719105422663,False,Process completion time only; censored final correctness is unknown
F1-DENSE-N1000000-M200-s103,round-1,dag,UPPER,0.09828828052873047,False,Process completion time only; censored final correctness is unknown
F1-DENSE-N1000000-M200-s103,round-2,des,UPPER,0.49772097908164653,False,Process completion time only; censored final correctness is unknown
F1-DENSE-N1000000-M200-s103,round-2,dag,UPPER,0.10087298600072782,False,Process completion time only; censored final correctness is unknown
F1-SPARSE-N100000-M200-s101,round-0,des,UPPER,0.03925462840266185,False,Process completion time only; censored final correctness is unknown
F1-SPARSE-N100000-M200-s101,round-0,dag,UPPER,0.009001177102488503,False,Process completion time only; censored final correctness is unknown
F1-SPARSE-N100000-M200-s101,round-1,des,UPPER,0.03610062169758632,False,Process completion time only; censored final correctness is unknown
F1-SPARSE-N100000-M200-s101,round-1,dag,UPPER,0.010260690767500694,False,Process completion time only; censored final correctness is unknown
F1-SPARSE-N100000-M200-s101,round-2,des,UPPER,0.03809383378258139,False,Process completion time only; censored final correctness is unknown
F1-SPARSE-N100000-M200-s101,round-2,dag,UPPER,0.010476116695275702,False,Process completion time only; censored final correctness is unknown
F1-SPARSE-N100000-M200-s102,round-0,des,UPPER,0.039414600461065805,False,Process completion time only; censored final correctness is unknown
F1-SPARSE-N100000-M200-s102,round-0,dag,UPPER,0.010973930427593159,False,Process completion time only; censored final correctness is unknown
F1-SPARSE-N100000-M200-s102,round-1,des,UPPER,0.03835281964642195,False,Process completion time only; censored final correctness is unknown
F1-SPARSE-N100000-M200-s102,round-1,dag,UPPER,0.01057262798699179,False,Process completion time only; censored final correctness is unknown
F1-SPARSE-N100000-M200-s102,round-2,des,UPPER,0.03806097801536164,False,Process completion time only; censored final correctness is unknown
F1-SPARSE-N100000-M200-s102,round-2,dag,UPPER,0.010772890414964029,False,Process completion time only; censored final correctness is unknown
F1-SPARSE-N100000-M200-s103,round-1,des,UPPER,0.03879924546571967,False,Process completion time only; censored final correctness is unknown
F1-SPARSE-N100000-M200-s103,round-1,dag,UPPER,0.009169891952489826,False,Process completion time only; censored final correctness is unknown
F1-SPARSE-N100000-M200-s103,round-2,des,UPPER,0.036227973720655324,False,Process completion time only; censored final correctness is unknown
F1-SPARSE-N100000-M200-s103,round-2,dag,UPPER,0.010215890595734967,False,Process completion time only; censored final correctness is unknown
F1-SPARSE-N1000000-M200-s101,round-0,des,UPPER,0.5773828150436214,False,Process completion time only; censored final correctness is unknown
F1-SPARSE-N1000000-M200-s101,round-0,dag,UPPER,0.128318304920766,False,Process completion time only; censored final correctness is unknown
F1-SPARSE-N1000000-M200-s101,round-1,des,UPPER,0.4547037415562851,False,Process completion time only; censored final correctness is unknown
F1-SPARSE-N1000000-M200-s101,round-1,dag,UPPER,0.12273954883488769,False,Process completion time only; censored final correctness is unknown
F1-SPARSE-N1000000-M200-s101,round-2,des,UPPER,0.4314619217925966,False,Process completion time only; censored final correctness is unknown
F1-SPARSE-N1000000-M200-s101,round-2,dag,UPPER,0.11836839668123618,False,Process completion time only; censored final correctness is unknown
F1-SPARSE-N1000000-M200-s102,round-0,des,UPPER,0.5298310870436704,False,Process completion time only; censored final correctness is unknown
F1-SPARSE-N1000000-M200-s102,round-0,dag,UPPER,0.12194505147247402,False,Process completion time only; censored final correctness is unknown
F1-SPARSE-N1000000-M200-s102,round-1,des,UPPER,0.5180393884869865,False,Process completion time only; censored final correctness is unknown
F1-SPARSE-N1000000-M200-s102,round-1,dag,UPPER,0.12194871444339991,False,Process completion time only; censored final correctness is unknown
F1-SPARSE-N1000000-M200-s102,round-2,des,UPPER,0.5626146645668265,False,Process completion time only; censored final correctness is unknown
F1-SPARSE-N1000000-M200-s102,round-2,dag,UPPER,0.12147255692277222,False,Process completion time only; censored final correctness is unknown
F1-SPARSE-N1000000-M200-s103,round-0,des,UPPER,0.4559584966966054,False,Process completion time only; censored final correctness is unknown
F1-SPARSE-N1000000-M200-s103,round-0,dag,UPPER,0.11679566456638005,False,Process completion time only; censored final correctness is unknown
F1-SPARSE-N1000000-M200-s103,round-1,des,UPPER,0.5644597356396149,False,Process completion time only; censored final correctness is unknown
F1-SPARSE-N1000000-M200-s103,round-1,dag,UPPER,0.12055511114778068,False,Process completion time only; censored final correctness is unknown
F1-SPARSE-N1000000-M200-s103,round-2,des,UPPER,0.6720229812687352,False,Process completion time only; censored final correctness is unknown
F1-SPARSE-N1000000-M200-s103,round-2,dag,UPPER,0.13121838649072484,False,Process completion time only; censored final correctness is unknown
F2-DENSE-N1000000-M200-s101,round-0,des,UPPER,0.5210708792124196,False,Process completion time only; censored final correctness is unknown
F2-DENSE-N1000000-M200-s101,round-0,dag,UPPER,0.11842135345434417,False,Process completion time only; censored final correctness is unknown
F2-DENSE-N1000000-M200-s101,round-1,des,UPPER,0.5689629912630311,False,Process completion time only; censored final correctness is unknown
F2-DENSE-N1000000-M200-s101,round-1,dag,UPPER,0.11680642795846916,False,Process completion time only; censored final correctness is unknown
F2-DENSE-N1000000-M200-s101,round-2,des,UPPER,0.6112513404577896,False,Process completion time only; censored final correctness is unknown
F2-DENSE-N1000000-M200-s101,round-2,dag,UPPER,0.1231179183008001,False,Process completion time only; censored final correctness is unknown
F2-DENSE-N1000000-M200-s102,round-0,des,UPPER,0.556670567398744,False,Process completion time only; censored final correctness is unknown
F2-DENSE-N1000000-M200-s102,round-0,dag,UPPER,0.12058199422650169,False,Process completion time only; censored final correctness is unknown
F2-DENSE-N1000000-M200-s102,round-1,des,UPPER,0.5711376634504001,False,Process completion time only; censored final correctness is unknown
F2-DENSE-N1000000-M200-s102,round-1,dag,UPPER,0.11654375419496368,False,Process completion time only; censored final correctness is unknown
F2-DENSE-N1000000-M200-s102,round-2,des,UPPER,0.46085676919327795,False,Process completion time only; censored final correctness is unknown
F2-DENSE-N1000000-M200-s102,round-2,dag,UPPER,0.08937818530264595,False,Process completion time only; censored final correctness is unknown
F2-DENSE-N1000000-M200-s103,round-0,des,UPPER,0.45955781293471026,False,Process completion time only; censored final correctness is unknown
F2-DENSE-N1000000-M200-s103,round-0,dag,UPPER,0.09637546242095518,False,Process completion time only; censored final correctness is unknown
F2-DENSE-N1000000-M200-s103,round-1,des,UPPER,0.5705612645742513,False,Process completion time only; censored final correctness is unknown
F2-DENSE-N1000000-M200-s103,round-1,dag,UPPER,0.11996139505067174,False,Process completion time only; censored final correctness is unknown
F2-DENSE-N1000000-M200-s103,round-2,des,UPPER,0.5055963533053581,False,Process completion time only; censored final correctness is unknown
F2-DENSE-N1000000-M200-s103,round-2,dag,UPPER,0.11850172011051081,False,Process completion time only; censored final correctness is unknown
F2-SPARSE-N100000-M200-s101,round-1,des,UPPER,0.038648655628556815,False,Process completion time only; censored final correctness is unknown
F2-SPARSE-N100000-M200-s101,round-1,dag,UPPER,0.009973318424138003,False,Process completion time only; censored final correctness is unknown
F2-SPARSE-N100000-M200-s102,round-0,des,UPPER,0.03782471653160485,False,Process completion time only; censored final correctness is unknown
F2-SPARSE-N100000-M200-s102,round-0,dag,UPPER,0.009796951007079086,False,Process completion time only; censored final correctness is unknown
F2-SPARSE-N100000-M200-s102,round-2,des,UPPER,0.03974912987854533,False,Process completion time only; censored final correctness is unknown
F2-SPARSE-N100000-M200-s102,round-2,dag,UPPER,0.009983310539556945,False,Process completion time only; censored final correctness is unknown
F2-SPARSE-N100000-M200-s103,round-1,des,UPPER,0.040274557205366164,False,Process completion time only; censored final correctness is unknown
F2-SPARSE-N100000-M200-s103,round-1,dag,UPPER,0.009986343914466117,False,Process completion time only; censored final correctness is unknown
F2-SPARSE-N1000000-M200-s101,round-0,des,UPPER,0.520723654941234,False,Process completion time only; censored final correctness is unknown
F2-SPARSE-N1000000-M200-s101,round-0,dag,UPPER,0.10877851097887692,False,Process completion time only; censored final correctness is unknown
F2-SPARSE-N1000000-M200-s101,round-1,des,UPPER,0.48316472115667053,False,Process completion time only; censored final correctness is unknown
F2-SPARSE-N1000000-M200-s101,round-1,dag,UPPER,0.1138644720652816,False,Process completion time only; censored final correctness is unknown
F2-SPARSE-N1000000-M200-s101,round-2,des,UPPER,0.5323486446416408,False,Process completion time only; censored final correctness is unknown
F2-SPARSE-N1000000-M200-s101,round-2,dag,UPPER,0.11438835133501206,False,Process completion time only; censored final correctness is unknown
F2-SPARSE-N1000000-M200-s102,round-0,des,UPPER,0.5048023002609142,False,Process completion time only; censored final correctness is unknown
F2-SPARSE-N1000000-M200-s102,round-0,dag,UPPER,0.10689824534381442,False,Process completion time only; censored final correctness is unknown
F2-SPARSE-N1000000-M200-s102,round-1,des,UPPER,0.508743754999835,False,Process completion time only; censored final correctness is unknown
F2-SPARSE-N1000000-M200-s102,round-1,dag,UPPER,0.11637479420942634,False,Process completion time only; censored final correctness is unknown
F2-SPARSE-N1000000-M200-s102,round-2,des,UPPER,0.35988914380255055,False,Process completion time only; censored final correctness is unknown
F2-SPARSE-N1000000-M200-s102,round-2,dag,UPPER,0.07859571717176218,False,Process completion time only; censored final correctness is unknown
F2-SPARSE-N1000000-M200-s103,round-0,des,UPPER,0.4507661663272467,False,Process completion time only; censored final correctness is unknown
F2-SPARSE-N1000000-M200-s103,round-0,dag,UPPER,0.11147056700852,False,Process completion time only; censored final correctness is unknown
F2-SPARSE-N1000000-M200-s103,round-1,des,UPPER,0.5074836628055003,False,Process completion time only; censored final correctness is unknown
F2-SPARSE-N1000000-M200-s103,round-1,dag,UPPER,0.11905280305030135,False,Process completion time only; censored final correctness is unknown
F2-SPARSE-N1000000-M200-s103,round-2,des,UPPER,0.3844179782100858,False,Process completion time only; censored final correctness is unknown
F2-SPARSE-N1000000-M200-s103,round-2,dag,UPPER,0.07695023000095821,False,Process completion time only; censored final correctness is unknown
