id,family,n,seed,profile,execution_status,correctness_status,input_status,nominal_status,K10_status,control_status,C0,D,resource_wait_integral,blocked_machine_integral,coupling_witnesses,T_TSFG_K10_s,T_DES_K10_s,TSFG_K10_status,DES_K10_status
F1-DENSE-N1000-M200-s101-PB,F1,1000,101,PB,COMPLETE,VALID,NOMINALLY_ADMISSIBLE,OK,COMPLETE_VALID,WEAK_CONTROL,60400,66440,0,0,0,6.877633007000014,0.02078839499998253,MEASURED,MEASURED
F1-DENSE-N1000-M200-s101-PBR,F1,1000,101,PBR,COMPLETE,VALID,NOMINALLY_ADMISSIBLE,OK,COMPLETE_VALID,WEAK_CONTROL,82800,91080,194050,76400,0,9.102421468000045,0.04184464200000093,MEASURED,MEASURED
F1-DENSE-N1000-M200-s101-PR,F1,1000,101,PR,COMPLETE,VALID,NOMINALLY_ADMISSIBLE,OK,COMPLETE_VALID,WEAK_CONTROL,82800,91080,24400,0,0,9.04524268700004,0.041405313999973714,MEASURED,MEASURED
F1-DENSE-N1000-M200-s102-PB,F1,1000,102,PB,COMPLETE,VALID,NOMINALLY_ADMISSIBLE,OK,COMPLETE_VALID,WEAK_CONTROL,60400,66440,0,0,0,4.568765069999998,0.022403832999998485,MEASURED,MEASURED
F1-DENSE-N1000-M200-s102-PBR,F1,1000,102,PBR,COMPLETE,VALID,NOMINALLY_ADMISSIBLE,OK,COMPLETE_VALID,WEAK_CONTROL,82800,91080,194050,76400,0,6.90528254600008,0.02060240699984206,MEASURED,MEASURED
F1-DENSE-N1000-M200-s102-PR,F1,1000,102,PR,COMPLETE,VALID,NOMINALLY_ADMISSIBLE,OK,COMPLETE_VALID,WEAK_CONTROL,82800,91080,24400,0,0,9.177185419000011,0.041799244000003455,MEASURED,MEASURED
F1-DENSE-N1000-M200-s103-PB,F1,1000,103,PB,COMPLETE,VALID,NOMINALLY_ADMISSIBLE,OK,COMPLETE_VALID,WEAK_CONTROL,60400,66440,0,0,0,5.207614751000008,0.020635948999995435,MEASURED,MEASURED
F1-DENSE-N1000-M200-s103-PBR,F1,1000,103,PBR,COMPLETE,VALID,NOMINALLY_ADMISSIBLE,OK,COMPLETE_VALID,WEAK_CONTROL,82800,91080,194050,76400,0,4.980689626000071,0.02048369500005265,MEASURED,MEASURED
F1-DENSE-N1000-M200-s103-PR,F1,1000,103,PR,COMPLETE,VALID,NOMINALLY_ADMISSIBLE,OK,COMPLETE_VALID,WEAK_CONTROL,82800,91080,24400,0,0,9.208146839000008,0.04156661700000086,MEASURED,MEASURED
F1-DENSE-N10000-M200-s101-PB,F1,10000,101,PB,COMPLETE,VALID,NOMINALLY_ADMISSIBLE,OK,COMPLETE_VALID,WEAK_CONTROL,312400,343640,0,72116350,0,30.734613613000022,0.16343044399997098,MEASURED,MEASURED
F1-DENSE-N10000-M200-s101-PBR,F1,10000,101,PBR,COMPLETE,VALID,NOMINALLY_ADMISSIBLE,OK,COMPLETE_VALID,WEAK_CONTROL,324800,357280,2061510,45309265,0,37.312559119000014,0.22302277199997889,MEASURED,MEASURED
F1-DENSE-N10000-M200-s101-PR,F1,10000,101,PR,COMPLETE,VALID,NOMINALLY_ADMISSIBLE,OK,COMPLETE_VALID,WEAK_CONTROL,325200,357720,2618760,0,0,38.12282453900001,0.20376334399999507,MEASURED,MEASURED
F1-DENSE-N10000-M200-s102-PB,F1,10000,102,PB,COMPLETE,VALID,NOMINALLY_ADMISSIBLE,OK,COMPLETE_VALID,WEAK_CONTROL,312400,343640,0,72116350,0,35.07153698600001,0.16297739800000954,MEASURED,MEASURED
F1-DENSE-N10000-M200-s102-PBR,F1,10000,102,PBR,COMPLETE,VALID,NOMINALLY_ADMISSIBLE,OK,COMPLETE_VALID,WEAK_CONTROL,324800,357280,2061510,45309265,0,37.029065810000006,0.2245590830000026,MEASURED,MEASURED
F1-DENSE-N10000-M200-s102-PR,F1,10000,102,PR,COMPLETE,VALID,NOMINALLY_ADMISSIBLE,OK,COMPLETE_VALID,WEAK_CONTROL,325200,357720,2618760,0,0,37.99821652099999,0.22438241999999775,MEASURED,MEASURED
F1-DENSE-N10000-M200-s103-PB,F1,10000,103,PB,COMPLETE,VALID,NOMINALLY_ADMISSIBLE,OK,COMPLETE_VALID,WEAK_CONTROL,312400,343640,0,72116350,0,35.956690288999994,0.18460522200000185,MEASURED,MEASURED
F1-DENSE-N10000-M200-s103-PBR,F1,10000,103,PBR,COMPLETE,VALID,NOMINALLY_ADMISSIBLE,OK,COMPLETE_VALID,WEAK_CONTROL,324800,357280,2061510,45309265,0,27.666003004999993,0.18409890600000267,MEASURED,MEASURED
F1-DENSE-N10000-M200-s103-PR,F1,10000,103,PR,COMPLETE,VALID,NOMINALLY_ADMISSIBLE,OK,COMPLETE_VALID,WEAK_CONTROL,325200,357720,2618760,0,0,20.93254129600001,0.1430499040000086,MEASURED,MEASURED
F2-DENSE-N1000-M200-s101-PB,F2,1000,101,PB,COMPLETE,VALID,NOMINALLY_ADMISSIBLE,OK,COMPLETE_VALID,WEAK_CONTROL,48800,53680,0,0,0,3.480901695,0.04096321500000499,MEASURED,MEASURED
F2-DENSE-N1000-M200-s101-PBR,F2,1000,101,PBR,COMPLETE,VALID,NOMINALLY_ADMISSIBLE,OK,COMPLETE_VALID,WEAK_CONTROL,56700,62370,62765,5100,0,3.264368203999993,0.02190940700000965,MEASURED,MEASURED
F2-DENSE-N1000-M200-s101-PR,F2,1000,101,PR,COMPLETE,VALID,NOMINALLY_ADMISSIBLE,OK,COMPLETE_VALID,WEAK_CONTROL,56700,62370,19585,0,0,6.294254093999996,0.04224741999999537,MEASURED,MEASURED
F2-DENSE-N1000-M200-s102-PB,F2,1000,102,PB,COMPLETE,VALID,NOMINALLY_ADMISSIBLE,OK,COMPLETE_VALID,WEAK_CONTROL,49300,54230,0,0,0,5.471070839999996,0.041242753000005905,MEASURED,MEASURED
F2-DENSE-N1000-M200-s102-PBR,F2,1000,102,PBR,COMPLETE,VALID,NOMINALLY_ADMISSIBLE,OK,COMPLETE_VALID,WEAK_CONTROL,53000,58300,11160,0,0,6.049979734999994,0.0410654210000132,MEASURED,MEASURED
F2-DENSE-N1000-M200-s102-PR,F2,1000,102,PR,COMPLETE,VALID,NOMINALLY_ADMISSIBLE,OK,COMPLETE_VALID,WEAK_CONTROL,53000,58300,8110,0,0,4.517241224999992,0.0417546729999998,MEASURED,MEASURED
F2-DENSE-N1000-M200-s103-PB,F2,1000,103,PB,COMPLETE,VALID,NOMINALLY_ADMISSIBLE,OK,COMPLETE_VALID,WEAK_CONTROL,48100,52910,0,1340,0,3.224498046000008,0.021550653999952374,MEASURED,MEASURED
F2-DENSE-N1000-M200-s103-PBR,F2,1000,103,PBR,COMPLETE,VALID,NOMINALLY_ADMISSIBLE,OK,COMPLETE_VALID,STRONG_CONTROL,55500,61050,32170,3110,2,6.266126251000003,0.042106345999997075,MEASURED,MEASURED
F2-DENSE-N1000-M200-s103-PR,F2,1000,103,PR,COMPLETE,VALID,NOMINALLY_ADMISSIBLE,OK,COMPLETE_VALID,WEAK_CONTROL,55500,61050,20240,0,0,6.093487675000006,0.04163916599999595,MEASURED,MEASURED
F2-DENSE-N10000-M200-s101-PB,F2,10000,101,PB,COMPLETE,VALID,NO_ADMISSIBLE_INPUT,DEADLOCK,NOT_RUN_NO_ADMISSIBLE_BASELINE,,,,,,,,,NOT_RUN,NOT_RUN
F2-DENSE-N10000-M200-s101-PBR,F2,10000,101,PBR,COMPLETE,VALID,NO_ADMISSIBLE_INPUT,DEADLOCK,NOT_RUN_NO_ADMISSIBLE_BASELINE,,,,,,,,,NOT_RUN,NOT_RUN
F2-DENSE-N10000-M200-s101-PR,F2,10000,101,PR,COMPLETE,VALID,NOMINALLY_ADMISSIBLE,OK,COMPLETE_VALID,WEAK_CONTROL,216200,237820,972260,0,0,25.711381488,0.24445055600000387,MEASURED,MEASURED
F2-DENSE-N10000-M200-s102-PB,F2,10000,102,PB,COMPLETE,VALID,NO_ADMISSIBLE_INPUT,DEADLOCK,NOT_RUN_NO_ADMISSIBLE_BASELINE,,,,,,,,,NOT_RUN,NOT_RUN
F2-DENSE-N10000-M200-s102-PBR,F2,10000,102,PBR,COMPLETE,VALID,NO_ADMISSIBLE_INPUT,DEADLOCK,NOT_RUN_NO_ADMISSIBLE_BASELINE,,,,,,,,,NOT_RUN,NOT_RUN
F2-DENSE-N10000-M200-s102-PR,F2,10000,102,PR,COMPLETE,VALID,NOMINALLY_ADMISSIBLE,OK,COMPLETE_VALID,WEAK_CONTROL,219100,241010,788380,0,0,19.510423352000004,0.20475798299999326,MEASURED,MEASURED
F2-DENSE-N10000-M200-s103-PB,F2,10000,103,PB,COMPLETE,VALID,NO_ADMISSIBLE_INPUT,DEADLOCK,NOT_RUN_NO_ADMISSIBLE_BASELINE,,,,,,,,,NOT_RUN,NOT_RUN
F2-DENSE-N10000-M200-s103-PBR,F2,10000,103,PBR,COMPLETE,VALID,NO_ADMISSIBLE_INPUT,DEADLOCK,NOT_RUN_NO_ADMISSIBLE_BASELINE,,,,,,,,,NOT_RUN,NOT_RUN
F2-DENSE-N10000-M200-s103-PR,F2,10000,103,PR,COMPLETE,VALID,NOMINALLY_ADMISSIBLE,OK,COMPLETE_VALID,WEAK_CONTROL,214300,235730,1926630,0,0,24.673727431000003,0.24429932200001758,MEASURED,MEASURED
